nbfc,loan_type,age,monthly_income_inr,cibil_score,avg_bank_balance_inr,gst_filing_regular,upi_txn_per_month,nach_bounces_12m,existing_loans,employment_type,employment_years,loan_amount_inr,loan_tenure_months,default
Mumbai NBFC,MSME,29,119117,764,301460,1,14,2,0,Salaried,2,524567,12,0
Chennai NBFC,MFI_JLG,28,43757,839,104186,-1,83,1,1,Self_Employed,9,12512,24,0
Chennai NBFC,Unsecured,35,22476,592,53566,-1,28,0,1,Self_Employed,19,447016,48,1
Mumbai NBFC,SME,24,62386,623,142914,1,94,0,1,Salaried,6,1015530,12,0
Delhi NBFC,MSME,37,26073,-1,56668,0,51,0,1,Salaried,2,310087,24,0
Delhi NBFC,Unsecured,40,71511,791,121030,-1,110,1,0,Salaried,15,242888,48,0
Delhi NBFC,MSME,39,109307,679,230167,1,57,1,1,Salaried,17,848141,12,0
Chennai NBFC,Unsecured,37,23161,-1,13801,-1,43,4,2,Salaried,16,313136,60,1
Mumbai NBFC,SME,29,37123,581,76238,1,71,0,2,Self_Employed,8,920614,60,0
Chennai NBFC,MFI_JLG,54,24635,655,60225,-1,70,0,1,Self_Employed,10,53775,48,0
Delhi NBFC,SME,33,106720,753,186855,1,10,0,1,Self_Employed,10,1231824,12,0
Chennai NBFC,Unsecured,32,40297,550,56165,-1,25,1,1,Salaried,18,123541,24,1
Chennai NBFC,Unsecured,26,30836,794,36804,-1,77,2,3,Salaried,10,102838,24,0
Delhi NBFC,SME,48,65025,621,137008,1,78,0,0,Self_Employed,9,1701821,12,0
Delhi NBFC,MSME,33,119503,564,266731,0,40,0,1,Salaried,19,643765,60,0
Delhi NBFC,MSME,38,27159,602,72716,0,7,0,2,Self_Employed,1,378271,12,0
Delhi NBFC,MSME,27,73940,557,100250,1,109,0,1,Business,4,317790,60,0
Mumbai NBFC,Unsecured,54,36814,595,89252,-1,92,2,0,Salaried,3,89585,60,1
Mumbai NBFC,SME,26,113537,663,216105,0,90,0,1,Salaried,10,1389611,24,0
Delhi NBFC,LAP,49,39678,696,107411,-1,117,2,0,Self_Employed,12,2484540,48,0
Mumbai NBFC,Unsecured,35,51508,715,93720,-1,82,1,1,Business,18,324238,36,0
Delhi NBFC,LAP,26,72204,-1,129539,-1,46,2,1,Business,6,2363618,12,1
Delhi NBFC,Unsecured,54,37021,-1,71994,-1,49,0,2,Business,2,96647,60,0
Mumbai NBFC,SME,40,148710,-1,352931,0,48,2,1,Salaried,10,1850926,12,1
Mumbai NBFC,MSME,43,70699,825,205856,1,95,0,0,Business,2,638002,48,0
Chennai NBFC,MFI_JLG,26,37105,-1,25376,-1,37,0,0,Self_Employed,9,39655,48,0
Delhi NBFC,LAP,23,48464,-1,30706,-1,64,0,2,Salaried,10,1315982,36,0
Mumbai NBFC,Unsecured,51,112853,703,320939,-1,90,0,0,Business,2,471350,36,1
Mumbai NBFC,MSME,25,98768,750,180220,1,97,0,1,Business,8,927946,60,0
Delhi NBFC,LAP,54,86497,664,176216,-1,87,0,0,Salaried,17,3940672,36,1
Mumbai NBFC,SME,34,69785,-1,119057,1,87,4,2,Salaried,17,487901,60,1
Delhi NBFC,LAP,41,76448,591,56123,-1,74,0,1,Salaried,4,4118558,24,0
Delhi NBFC,MSME,28,109517,796,265055,1,113,2,1,Salaried,18,131516,60,0
Chennai NBFC,MFI_JLG,36,17242,617,40830,-1,87,5,1,Self_Employed,12,57673,36,1
Chennai NBFC,MFI_JLG,44,52025,745,66553,-1,81,0,2,Self_Employed,17,10974,12,0
Chennai NBFC,Unsecured,35,51381,639,65027,-1,30,1,1,Self_Employed,9,378750,36,0
Delhi NBFC,SME,44,27881,-1,72340,0,90,0,1,Business,19,970376,48,1
Delhi NBFC,SME,40,54863,-1,37355,1,25,0,2,Business,14,1815263,36,0
Mumbai NBFC,SME,50,120481,-1,325631,1,104,0,2,Self_Employed,14,772618,24,0
Mumbai NBFC,MSME,41,126128,728,143994,0,6,3,0,Business,17,735361,60,0
Delhi NBFC,Unsecured,50,108168,790,214438,-1,51,0,3,Self_Employed,2,197378,48,0
Mumbai NBFC,LAP,45,65009,702,184624,-1,112,1,0,Salaried,8,1798898,60,0
Delhi NBFC,MSME,39,96186,-1,211157,1,34,0,1,Self_Employed,5,629848,60,1
Chennai NBFC,Unsecured,31,35343,624,54289,-1,31,3,2,Self_Employed,7,319951,36,1
Delhi NBFC,Unsecured,29,84251,677,187360,-1,75,0,0,Business,16,232414,12,0
Mumbai NBFC,LAP,47,134352,748,182711,-1,24,1,0,Business,16,1300458,48,0
Delhi NBFC,SME,50,64255,703,76665,1,54,1,0,Salaried,17,829275,24,0
Mumbai NBFC,LAP,31,112154,-1,335532,-1,99,1,1,Business,7,2386006,24,0
Mumbai NBFC,MSME,38,43307,827,102939,1,27,4,1,Salaried,8,924514,12,1
Delhi NBFC,SME,23,47499,568,100308,1,17,2,1,Business,8,1022317,12,1
Chennai NBFC,Unsecured,27,18412,-1,25559,-1,85,0,2,Salaried,11,243126,36,0
Chennai NBFC,MFI_JLG,26,13666,-1,8512,-1,8,0,1,Self_Employed,15,82920,24,0
Chennai NBFC,Unsecured,49,47045,718,27175,-1,18,0,0,Salaried,18,62202,48,0
Chennai NBFC,Unsecured,26,30786,572,58045,-1,24,0,3,Self_Employed,6,77987,12,0
Mumbai NBFC,Unsecured,39,147138,596,353878,-1,17,0,0,Salaried,12,216812,12,0
Chennai NBFC,MFI_JLG,47,51973,562,95809,-1,7,0,0,Self_Employed,15,41734,12,0
Delhi NBFC,MSME,41,55607,766,144687,1,94,0,0,Salaried,6,251015,48,0
Delhi NBFC,MSME,48,116873,743,68203,1,94,4,1,Business,18,794820,24,1
Delhi NBFC,LAP,33,90756,693,128590,-1,86,0,0,Self_Employed,9,1772791,48,0
Delhi NBFC,MSME,28,71994,622,78666,1,100,3,0,Salaried,8,406658,48,0
Mumbai NBFC,SME,24,131758,-1,213208,1,82,0,0,Salaried,14,1123925,36,0
Delhi NBFC,MSME,31,95354,626,64930,1,51,1,0,Self_Employed,19,691296,12,0
Chennai NBFC,Unsecured,55,50216,718,144889,-1,7,2,1,Self_Employed,19,101069,24,0
Mumbai NBFC,MSME,46,40695,836,43060,1,5,0,2,Self_Employed,8,933799,36,0
Delhi NBFC,SME,56,32349,634,90763,1,94,0,2,Salaried,2,1734307,36,0
Mumbai NBFC,Unsecured,37,82947,731,129789,-1,28,0,0,Self_Employed,4,406166,60,0
Delhi NBFC,SME,23,52464,846,155493,1,117,0,0,Business,6,1876093,12,0
Chennai NBFC,MFI_JLG,45,59724,661,112588,-1,39,3,3,Self_Employed,3,93732,24,0
Delhi NBFC,SME,31,62344,779,176251,1,18,2,0,Salaried,3,694166,24,0
Chennai NBFC,MFI_JLG,43,47521,645,24395,-1,71,0,2,Self_Employed,19,23383,24,0
Chennai NBFC,MFI_JLG,47,49850,717,118174,-1,17,0,0,Self_Employed,11,80784,12,0
Delhi NBFC,MSME,48,72975,705,201237,1,51,0,3,Business,10,626121,24,0
Delhi NBFC,SME,50,26462,654,22474,1,54,0,0,Salaried,12,1398938,48,0
Chennai NBFC,MFI_JLG,41,37710,-1,27917,-1,82,1,1,Self_Employed,14,62443,48,1
Chennai NBFC,Unsecured,48,40328,681,62969,-1,89,0,1,Salaried,18,139299,12,0
Chennai NBFC,MFI_JLG,41,22278,-1,63140,-1,30,0,1,Self_Employed,9,96766,24,0
Chennai NBFC,MFI_JLG,40,18417,819,34181,-1,7,0,0,Self_Employed,15,65919,60,0
Delhi NBFC,MSME,41,96289,587,175115,0,55,0,1,Business,3,664312,60,1
Mumbai NBFC,Unsecured,56,36881,594,31452,-1,44,1,1,Self_Employed,11,286526,60,0
Delhi NBFC,Unsecured,23,31191,712,15657,-1,72,0,0,Salaried,10,394417,48,0
Chennai NBFC,Unsecured,51,47292,802,119428,-1,40,4,0,Business,18,391541,60,0
Mumbai NBFC,SME,55,114211,718,82110,1,55,3,1,Self_Employed,4,1891043,24,1
Delhi NBFC,MSME,43,105158,-1,219214,1,111,0,0,Self_Employed,13,775424,24,0
Delhi NBFC,Unsecured,24,91537,823,255071,-1,5,0,1,Salaried,6,211356,60,0
Delhi NBFC,MSME,27,72645,-1,74216,0,108,2,0,Salaried,13,921601,36,1
Delhi NBFC,MSME,36,48283,788,104444,0,115,3,1,Business,5,440791,60,0
Chennai NBFC,Unsecured,48,21332,819,14862,-1,37,2,0,Self_Employed,14,325850,36,1
Mumbai NBFC,LAP,31,51459,580,103401,-1,11,0,1,Salaried,13,4031145,12,0
Chennai NBFC,Unsecured,30,33718,-1,30677,-1,56,5,0,Self_Employed,14,65921,12,0
Mumbai NBFC,MSME,54,77316,-1,180910,1,15,0,0,Business,8,544374,24,0
Delhi NBFC,Unsecured,53,74630,735,93517,-1,31,1,0,Salaried,16,431104,48,0
Chennai NBFC,Unsecured,27,59402,677,98516,-1,18,3,3,Self_Employed,13,67813,24,0
Chennai NBFC,Unsecured,57,25194,759,50352,-1,90,0,0,Business,15,154748,24,0
Mumbai NBFC,MSME,23,74553,830,69198,0,84,3,1,Salaried,19,707970,48,1
Chennai NBFC,MFI_JLG,50,50866,802,119743,-1,50,0,0,Self_Employed,1,91449,24,0
Mumbai NBFC,Unsecured,25,39922,-1,50166,-1,80,4,0,Self_Employed,2,438222,48,0
Mumbai NBFC,LAP,22,39686,749,85560,-1,117,0,1,Self_Employed,18,1722465,24,1
Mumbai NBFC,LAP,40,67766,769,60698,-1,114,4,1,Salaried,19,2530624,12,0
Delhi NBFC,Unsecured,47,98870,685,219520,-1,14,0,3,Salaried,8,417292,36,0
Delhi NBFC,MSME,46,49162,772,40335,0,28,1,3,Self_Employed,3,371695,24,0
Delhi NBFC,Unsecured,31,31008,-1,48477,-1,65,0,2,Salaried,14,323827,36,1
Mumbai NBFC,MSME,36,47205,785,52775,1,114,0,1,Salaried,9,667275,60,0
Delhi NBFC,SME,43,87532,-1,207532,1,22,0,1,Salaried,8,1179392,24,0
Mumbai NBFC,LAP,42,58527,691,67603,-1,90,1,1,Salaried,17,4280003,12,0
Chennai NBFC,Unsecured,43,57162,-1,154582,-1,13,0,3,Business,16,102703,48,0
Delhi NBFC,MSME,57,63990,739,174663,0,21,1,1,Salaried,10,576673,12,0
Mumbai NBFC,Unsecured,55,51524,714,51065,-1,106,0,1,Business,10,398255,36,0
Chennai NBFC,Unsecured,51,28646,688,58283,-1,108,4,0,Salaried,6,266415,48,0
Delhi NBFC,MSME,46,110761,825,79669,1,62,0,0,Self_Employed,17,117330,12,0
Delhi NBFC,Unsecured,49,61444,840,90866,-1,17,0,3,Salaried,16,268186,12,0
Delhi NBFC,SME,22,60340,-1,137774,1,54,0,0,Business,15,222766,12,0
Delhi NBFC,SME,25,30033,724,64527,0,105,0,1,Business,14,1999209,48,0
Chennai NBFC,MFI_JLG,28,12429,-1,25625,-1,10,0,0,Self_Employed,4,26760,12,0
Chennai NBFC,MFI_JLG,30,51950,752,62669,-1,89,0,2,Self_Employed,4,87614,12,0
Mumbai NBFC,LAP,57,95372,685,137818,-1,55,3,0,Salaried,2,4047093,36,1
Chennai NBFC,MFI_JLG,40,54398,553,41199,-1,40,1,2,Self_Employed,11,53815,12,0
Chennai NBFC,MFI_JLG,22,12607,704,28965,-1,75,1,0,Self_Employed,4,72460,12,1
Delhi NBFC,LAP,31,32533,-1,57249,-1,104,0,2,Business,16,1201477,60,0
Chennai NBFC,MFI_JLG,57,48698,-1,110637,-1,29,1,1,Self_Employed,4,97986,48,0
Mumbai NBFC,Unsecured,30,87003,643,97648,-1,15,0,0,Salaried,1,120825,60,0
Chennai NBFC,Unsecured,53,46790,597,61346,-1,48,2,1,Salaried,19,326054,36,1
Chennai NBFC,Unsecured,53,21991,-1,29369,-1,18,0,0,Salaried,2,352710,60,1
Delhi NBFC,Unsecured,27,36772,-1,20752,-1,113,0,0,Self_Employed,9,244145,24,1
Delhi NBFC,MSME,38,114385,688,154719,1,33,0,2,Business,13,706138,48,0
Delhi NBFC,Unsecured,31,74036,754,185701,-1,78,2,1,Salaried,18,217248,12,0
Mumbai NBFC,LAP,48,50972,622,139828,-1,54,0,1,Self_Employed,16,2905071,60,0
Chennai NBFC,MFI_JLG,56,41416,553,74364,-1,116,1,0,Self_Employed,16,31959,60,0
Chennai NBFC,MFI_JLG,42,15580,-1,25531,-1,9,0,1,Self_Employed,10,24570,12,0
Delhi NBFC,Unsecured,46,81827,626,47219,-1,76,1,2,Self_Employed,9,159337,12,0
Mumbai NBFC,MSME,49,139428,805,376178,1,114,3,1,Self_Employed,11,111320,36,1
Mumbai NBFC,SME,36,87347,-1,46514,1,73,0,3,Business,4,702704,60,1
Delhi NBFC,SME,25,57966,-1,165891,1,92,0,3,Salaried,10,901335,60,0
Delhi NBFC,LAP,50,52777,588,90936,-1,108,3,0,Business,3,682482,24,0
Delhi NBFC,MSME,30,57567,824,77993,1,61,0,0,Salaried,6,217296,24,0
Chennai NBFC,Unsecured,48,25339,-1,71216,-1,30,0,2,Salaried,3,446770,60,0
Delhi NBFC,Unsecured,47,67598,760,37920,-1,10,1,1,Self_Employed,9,330917,24,0
Mumbai NBFC,SME,40,116326,626,227250,1,20,1,0,Business,3,812114,60,0
Chennai NBFC,MFI_JLG,49,41957,626,78557,-1,64,0,0,Self_Employed,18,20244,48,1
Mumbai NBFC,SME,38,124874,577,130905,0,104,2,1,Salaried,8,953290,36,0
Chennai NBFC,MFI_JLG,41,16997,794,26722,-1,16,0,2,Self_Employed,8,85589,24,0
Chennai NBFC,Unsecured,44,48001,615,102273,-1,79,0,0,Salaried,15,355130,60,1
Delhi NBFC,MSME,53,69237,815,160479,1,7,2,0,Business,13,736984,24,0
Mumbai NBFC,LAP,54,88311,754,44313,-1,67,0,2,Business,7,4462513,36,0
Delhi NBFC,MSME,26,25178,607,71559,0,112,0,2,Salaried,19,730363,48,0
Delhi NBFC,MSME,55,111006,750,101161,1,68,1,1,Self_Employed,8,353731,12,0
Delhi NBFC,Unsecured,32,42118,774,45653,-1,66,3,2,Business,10,66838,12,0
Mumbai NBFC,MSME,24,114507,691,132677,1,105,3,1,Salaried,17,457297,24,0
Mumbai NBFC,MSME,54,115152,-1,68463,1,10,4,2,Self_Employed,1,610452,60,0
Delhi NBFC,MSME,32,32601,692,26329,0,23,2,1,Salaried,13,507460,36,1
Delhi NBFC,Unsecured,37,50363,582,149370,-1,22,0,0,Self_Employed,13,269233,48,0
Chennai NBFC,Unsecured,39,22118,701,28488,-1,84,0,1,Salaried,16,414822,48,0
Delhi NBFC,SME,51,70264,-1,55385,1,91,2,1,Business,9,1630954,48,1
Delhi NBFC,LAP,31,97833,690,75084,-1,47,0,3,Salaried,10,2280261,12,0
Mumbai NBFC,Unsecured,39,104855,800,241024,-1,105,1,0,Salaried,6,116520,36,0
Chennai NBFC,Unsecured,40,53158,661,140146,-1,77,1,2,Business,5,67344,12,0
Delhi NBFC,SME,57,25731,693,29394,0,7,0,3,Salaried,2,1923235,24,0
Mumbai NBFC,SME,34,142445,-1,78668,0,76,3,0,Salaried,11,306747,48,1
Chennai NBFC,Unsecured,24,49828,-1,52704,-1,42,0,2,Salaried,9,327103,36,0
Delhi NBFC,MSME,31,26605,592,17061,1,72,0,1,Salaried,6,648155,48,1
Chennai NBFC,MFI_JLG,22,13057,813,9903,-1,80,5,2,Self_Employed,8,46091,12,1
Mumbai NBFC,LAP,48,121486,793,191798,-1,48,0,1,Business,9,746968,12,0
Mumbai NBFC,LAP,29,143577,-1,154315,-1,99,0,1,Salaried,9,2528851,12,0
Mumbai NBFC,MSME,38,99140,674,177447,1,93,0,1,Self_Employed,8,427716,48,0
Mumbai NBFC,Unsecured,30,142325,-1,161358,-1,84,2,0,Self_Employed,12,482822,36,0
Delhi NBFC,MSME,27,40187,-1,114586,1,67,2,0,Business,8,183748,36,0
Chennai NBFC,Unsecured,46,37043,-1,102418,-1,46,2,1,Salaried,3,300105,24,0
Delhi NBFC,LAP,49,115436,608,221292,-1,68,1,2,Self_Employed,13,4763049,48,0
Delhi NBFC,SME,54,95610,726,132521,0,58,0,1,Self_Employed,19,1886272,24,0
Delhi NBFC,LAP,30,116962,612,169930,-1,82,2,1,Self_Employed,2,3124983,24,1
Mumbai NBFC,MSME,39,101467,598,155207,0,81,3,0,Self_Employed,17,957315,24,1
Mumbai NBFC,LAP,42,80896,-1,187593,-1,109,0,1,Salaried,16,987843,24,0
Delhi NBFC,SME,23,44773,838,72939,1,75,0,0,Business,4,1245618,12,0
Mumbai NBFC,SME,57,132266,835,349423,1,80,4,2,Self_Employed,18,1822918,24,0
Delhi NBFC,Unsecured,36,45863,564,131179,-1,41,2,3,Business,14,51825,36,0
Mumbai NBFC,SME,49,48861,-1,65467,1,118,3,1,Salaried,2,602628,24,0
Delhi NBFC,Unsecured,39,93968,641,178702,-1,8,3,0,Self_Employed,13,298870,12,1
Mumbai NBFC,MSME,55,148779,828,109745,0,6,0,0,Business,17,357471,60,1
Mumbai NBFC,LAP,43,123302,755,123446,-1,103,1,1,Self_Employed,15,577347,60,0
Chennai NBFC,Unsecured,32,14150,643,21701,-1,48,0,1,Business,5,62470,60,0
Delhi NBFC,MSME,34,81240,-1,82499,1,71,0,2,Business,7,571939,48,0
Delhi NBFC,MSME,25,30586,748,82319,1,72,1,0,Salaried,18,624712,36,0
Delhi NBFC,SME,43,56186,-1,50326,1,106,0,2,Self_Employed,11,469856,12,1
Chennai NBFC,Unsecured,28,39992,783,65552,-1,80,1,1,Salaried,18,211155,60,0
Chennai NBFC,Unsecured,45,55004,595,110791,-1,87,0,0,Self_Employed,5,321102,12,1
Delhi NBFC,LAP,25,112029,-1,249786,-1,78,0,1,Salaried,13,4416053,12,0
Mumbai NBFC,Unsecured,49,63164,779,92072,-1,66,0,0,Self_Employed,18,320950,48,0
Chennai NBFC,Unsecured,36,54921,798,146789,-1,5,0,1,Self_Employed,2,344306,60,0
Mumbai NBFC,Unsecured,22,94222,-1,180981,-1,21,0,2,Salaried,4,386876,24,0
Mumbai NBFC,Unsecured,24,58165,624,92992,-1,20,0,1,Salaried,13,215961,12,1
Delhi NBFC,LAP,35,100483,706,67132,-1,13,4,2,Business,16,4723555,60,0
Delhi NBFC,MSME,22,106395,772,176799,1,57,0,1,Salaried,6,747010,12,0
Chennai NBFC,MFI_JLG,42,23439,739,59812,-1,77,0,0,Self_Employed,8,68824,48,0
Chennai NBFC,MFI_JLG,50,29122,601,59302,-1,63,1,1,Self_Employed,16,84399,48,0
Mumbai NBFC,LAP,26,95380,637,246119,-1,13,1,1,Business,13,2082904,24,1
Delhi NBFC,SME,31,58798,615,102016,1,16,0,1,Business,4,841673,48,0
Delhi NBFC,MSME,49,106417,699,84724,1,45,2,0,Self_Employed,2,306958,60,0
Chennai NBFC,Unsecured,42,13149,-1,7022,-1,19,2,1,Business,9,146683,48,1
Chennai NBFC,Unsecured,28,34660,582,43603,-1,70,0,0,Salaried,18,118446,24,0
Chennai NBFC,Unsecured,24,50660,830,113730,-1,79,0,0,Business,17,261282,36,0
Chennai NBFC,MFI_JLG,41,30528,-1,75576,-1,15,3,1,Self_Employed,8,48079,12,0
Mumbai NBFC,Unsecured,40,110910,622,137459,-1,12,2,0,Salaried,15,335183,12,0
Delhi NBFC,SME,56,96894,682,168511,1,59,1,2,Salaried,9,1013071,60,1
Delhi NBFC,MSME,25,88772,604,137844,0,100,0,1,Self_Employed,17,825750,24,1
Chennai NBFC,MFI_JLG,26,45897,-1,70052,-1,10,0,2,Self_Employed,2,53809,24,0
Mumbai NBFC,LAP,22,144021,-1,155308,-1,57,1,1,Salaried,6,1518364,24,0
Delhi NBFC,Unsecured,25,26462,821,22252,-1,24,0,1,Business,5,93884,12,0
Delhi NBFC,MSME,33,89173,795,88434,1,43,0,0,Salaried,17,561696,48,0
Mumbai NBFC,Unsecured,48,45068,-1,28768,-1,103,1,3,Salaried,2,95819,12,1
Delhi NBFC,MSME,44,101106,665,100633,1,76,0,1,Self_Employed,18,365388,12,0
Delhi NBFC,Unsecured,46,73665,-1,38526,-1,118,2,2,Self_Employed,10,263704,12,0
Mumbai NBFC,Unsecured,42,81418,742,168384,-1,117,2,1,Business,10,474524,48,0
Mumbai NBFC,Unsecured,45,61206,699,79013,-1,111,0,0,Self_Employed,6,456270,36,0
Mumbai NBFC,SME,46,35287,680,103491,1,38,2,1,Self_Employed,12,395985,60,1
Delhi NBFC,Unsecured,53,118665,-1,116801,-1,61,0,0,Salaried,17,419933,36,0
Chennai NBFC,Unsecured,53,24157,819,32963,-1,23,2,1,Self_Employed,13,102018,36,0
Delhi NBFC,MSME,26,79460,-1,110815,1,75,0,0,Business,16,369999,12,0
Delhi NBFC,Unsecured,57,31221,759,16270,-1,35,0,1,Salaried,10,195485,36,0
Chennai NBFC,Unsecured,37,59597,616,154834,-1,86,1,3,Business,2,389535,12,1
Mumbai NBFC,Unsecured,54,125071,-1,72539,-1,44,0,1,Self_Employed,2,351065,12,0
Chennai NBFC,MFI_JLG,42,13626,598,38840,-1,18,3,2,Self_Employed,7,78388,60,1
Mumbai NBFC,LAP,30,73751,660,201353,-1,107,0,1,Business,6,543237,24,0
Mumbai NBFC,MSME,27,117063,-1,215256,1,104,0,1,Self_Employed,1,636809,12,0
Delhi NBFC,SME,56,67771,606,125985,0,85,0,3,Salaried,12,903365,36,1
Mumbai NBFC,SME,43,124389,-1,265501,0,41,0,2,Salaried,13,426073,60,0
Delhi NBFC,SME,26,77949,662,114399,1,48,0,2,Salaried,12,1244221,36,0
Delhi NBFC,MSME,44,95714,682,202727,1,13,1,0,Business,19,158933,24,0
Chennai NBFC,MFI_JLG,38,36424,-1,22288,-1,62,2,1,Self_Employed,9,80085,48,1
Mumbai NBFC,LAP,33,66831,632,42445,-1,24,2,0,Business,10,2767784,24,1
Chennai NBFC,Unsecured,44,14025,606,23044,-1,113,4,1,Salaried,17,457195,60,1
Mumbai NBFC,MSME,37,138306,820,259193,0,96,0,1,Salaried,18,943784,24,1
Chennai NBFC,Unsecured,24,23844,660,64844,-1,54,1,2,Salaried,8,163049,24,0
Mumbai NBFC,SME,51,61627,625,46938,1,24,0,2,Self_Employed,7,639179,60,0
Mumbai NBFC,Unsecured,43,87550,707,223832,-1,109,1,1,Business,9,309718,60,0
Mumbai NBFC,Unsecured,30,147025,569,150718,-1,40,0,0,Self_Employed,10,426748,36,0
Delhi NBFC,LAP,50,45213,680,67150,-1,31,5,2,Salaried,12,1535592,12,0
Chennai NBFC,MFI_JLG,44,31395,671,40546,-1,76,1,0,Self_Employed,15,65020,48,0
Delhi NBFC,Unsecured,34,91151,590,136761,-1,36,4,1,Business,15,394304,48,0
Delhi NBFC,SME,53,75906,716,66511,0,5,2,0,Salaried,4,420826,48,0
Mumbai NBFC,SME,44,46984,679,82641,1,21,3,1,Business,4,1299726,24,1
Delhi NBFC,SME,38,56973,572,142666,1,13,2,3,Salaried,1,483878,60,1
Chennai NBFC,Unsecured,42,41351,828,66320,-1,88,0,0,Salaried,12,494194,60,0
Chennai NBFC,Unsecured,23,28196,800,48681,-1,49,0,1,Salaried,2,90883,60,0
Chennai NBFC,Unsecured,27,56609,558,148424,-1,100,0,0,Self_Employed,15,135478,12,1
Mumbai NBFC,Unsecured,39,35320,562,80004,-1,70,0,2,Salaried,17,119396,60,0
Delhi NBFC,Unsecured,51,95474,-1,164801,-1,36,0,2,Salaried,7,291819,60,0
Chennai NBFC,Unsecured,43,56136,758,64233,-1,49,0,0,Salaried,6,316591,24,0
Mumbai NBFC,SME,54,56684,587,153744,1,13,0,0,Business,12,571007,36,1
Chennai NBFC,MFI_JLG,51,38690,649,75157,-1,34,4,1,Self_Employed,19,94267,48,1
Chennai NBFC,Unsecured,38,11407,-1,12010,-1,88,3,0,Business,1,492505,24,1
Chennai NBFC,Unsecured,53,18032,-1,21147,-1,42,0,1,Salaried,14,299494,24,0
Delhi NBFC,SME,35,47504,600,119132,1,64,0,0,Salaried,4,617669,24,1
Mumbai NBFC,Unsecured,31,133071,690,81221,-1,5,0,0,Salaried,5,205790,48,1
Chennai NBFC,MFI_JLG,57,29881,-1,89052,-1,9,0,1,Self_Employed,1,78310,24,0
Delhi NBFC,Unsecured,55,118922,658,98215,-1,67,2,0,Self_Employed,1,400006,36,0
Delhi NBFC,Unsecured,30,36695,756,91376,-1,103,0,2,Self_Employed,6,373121,60,0
Mumbai NBFC,LAP,49,120962,-1,179863,-1,40,1,0,Self_Employed,5,1506298,36,0
Chennai NBFC,MFI_JLG,32,59703,659,103318,-1,69,2,0,Self_Employed,2,57679,60,0
Mumbai NBFC,MSME,35,76777,745,207422,1,82,2,3,Salaried,5,916929,60,0
Mumbai NBFC,MSME,40,81250,701,124497,1,77,0,1,Salaried,9,914155,24,0
Delhi NBFC,MSME,36,33802,792,62321,1,98,1,1,Self_Employed,19,898277,24,1
Mumbai NBFC,Unsecured,49,139940,677,87217,-1,28,0,0,Salaried,15,84787,48,0
Chennai NBFC,Unsecured,45,24390,654,12338,-1,8,0,1,Salaried,13,285550,12,0
Delhi NBFC,Unsecured,29,59159,559,65784,-1,118,0,1,Salaried,12,327833,36,0
Mumbai NBFC,MSME,30,84346,697,185684,1,82,0,0,Salaried,5,566202,48,0
Chennai NBFC,MFI_JLG,54,37307,-1,29963,-1,93,0,2,Self_Employed,2,14094,48,0
Chennai NBFC,MFI_JLG,54,40828,739,32025,-1,72,0,1,Self_Employed,4,78466,36,0
Mumbai NBFC,LAP,40,50216,643,76699,-1,29,1,1,Business,18,2408010,36,0
Chennai NBFC,MFI_JLG,24,34502,-1,73130,-1,78,2,1,Self_Employed,10,21552,60,0
Mumbai NBFC,SME,31,38009,612,86667,0,103,0,1,Salaried,13,417972,12,1
Delhi NBFC,MSME,22,63737,-1,60303,1,11,0,0,Self_Employed,12,344790,24,0
Chennai NBFC,Unsecured,50,56277,817,39335,-1,110,2,1,Salaried,2,478546,12,1
Chennai NBFC,Unsecured,55,48258,830,137583,-1,17,0,0,Salaried,15,130312,12,0
Chennai NBFC,Unsecured,34,41692,560,48015,-1,72,3,1,Salaried,14,241136,24,0
Chennai NBFC,MFI_JLG,22,48384,750,127412,-1,118,1,2,Self_Employed,10,67564,12,0
Mumbai NBFC,Unsecured,55,102613,-1,272820,-1,47,0,1,Business,8,84563,48,0
Mumbai NBFC,LAP,50,114443,739,278246,-1,61,0,3,Business,15,2546416,48,1
Chennai NBFC,MFI_JLG,34,27232,-1,25110,-1,40,0,0,Self_Employed,13,53574,24,0
Mumbai NBFC,MSME,50,137171,665,350403,1,18,0,1,Salaried,8,165711,24,0
Chennai NBFC,MFI_JLG,45,20514,-1,49708,-1,86,0,2,Self_Employed,14,88819,36,0
Chennai NBFC,MFI_JLG,47,32738,563,65207,-1,76,1,1,Self_Employed,1,87972,36,0
Chennai NBFC,Unsecured,38,18695,806,25107,-1,100,0,1,Business,13,420063,12,0
Delhi NBFC,MSME,28,112527,758,130111,1,31,0,0,Self_Employed,8,736288,12,0
Mumbai NBFC,MSME,34,43635,830,35114,1,110,1,1,Self_Employed,18,939941,24,0
Delhi NBFC,SME,26,35143,654,62357,0,41,0,0,Business,9,584691,12,0
Mumbai NBFC,SME,47,146399,-1,287403,1,91,0,3,Business,13,1104609,60,0
Delhi NBFC,MSME,24,40581,-1,56746,1,75,0,0,Business,3,928786,48,0
Mumbai NBFC,Unsecured,28,68783,558,116133,-1,80,0,2,Salaried,18,129317,12,0
Mumbai NBFC,MSME,22,69152,-1,97420,1,29,1,1,Salaried,10,631322,12,1
Delhi NBFC,MSME,38,113844,-1,239358,1,71,0,0,Self_Employed,5,116263,36,0
Mumbai NBFC,SME,46,142049,693,391081,1,94,2,1,Salaried,6,1767904,60,0
Delhi NBFC,LAP,24,66505,838,60506,-1,8,0,2,Business,8,3005777,12,0
Delhi NBFC,MSME,36,87699,563,127472,1,110,0,2,Self_Employed,7,602574,48,0
Chennai NBFC,MFI_JLG,50,43342,806,36934,-1,104,0,0,Self_Employed,18,66884,12,0
Mumbai NBFC,MSME,53,132999,735,274291,1,83,1,0,Salaried,14,709563,24,0
Delhi NBFC,SME,47,48649,756,112971,1,100,0,0,Business,15,211399,60,0
Mumbai NBFC,SME,37,75469,721,213560,0,97,0,0,Salaried,10,1090797,12,0
Chennai NBFC,MFI_JLG,46,41556,819,49750,-1,78,1,1,Self_Employed,12,53726,60,0
Delhi NBFC,SME,49,59758,770,171835,0,89,0,2,Salaried,7,549921,12,1
Mumbai NBFC,SME,30,64978,701,42765,1,20,0,1,Self_Employed,7,990919,48,0
Delhi NBFC,MSME,22,41374,660,83059,0,115,1,1,Business,11,803091,48,0
Delhi NBFC,Unsecured,50,28775,-1,18497,-1,23,0,1,Salaried,13,157716,60,0
Mumbai NBFC,LAP,43,78169,-1,213748,-1,33,1,1,Self_Employed,15,2628520,36,1
Mumbai NBFC,MSME,37,83287,-1,151959,1,55,0,0,Business,18,609135,36,0
Mumbai NBFC,MSME,28,89745,623,195049,1,22,1,1,Salaried,7,290409,24,0
Chennai NBFC,Unsecured,35,22716,764,58583,-1,62,1,2,Self_Employed,6,398793,36,1
Chennai NBFC,Unsecured,50,48885,572,42812,-1,48,0,1,Salaried,11,459222,60,0
Mumbai NBFC,SME,40,40543,617,24183,1,20,1,0,Business,8,1500985,36,1
Delhi NBFC,LAP,40,38668,642,104295,-1,69,3,0,Self_Employed,1,4470493,24,1
Chennai NBFC,MFI_JLG,23,57299,-1,73762,-1,116,0,0,Self_Employed,8,39663,12,0
Delhi NBFC,MSME,36,36357,773,29901,1,6,0,1,Salaried,8,780306,36,1
Mumbai NBFC,MSME,24,80256,774,134120,0,60,2,2,Self_Employed,19,841784,60,0
Delhi NBFC,Unsecured,32,76796,652,153266,-1,83,1,0,Salaried,3,400037,60,0
Delhi NBFC,MSME,51,40804,764,23561,1,107,0,2,Salaried,5,992344,24,1
Chennai NBFC,Unsecured,39,27106,-1,32181,-1,32,3,1,Self_Employed,3,461162,24,1
Chennai NBFC,MFI_JLG,23,56289,-1,32760,-1,69,0,1,Self_Employed,15,22713,48,0
Mumbai NBFC,SME,53,57191,-1,88694,1,9,1,3,Salaried,14,1725039,48,1
Mumbai NBFC,MSME,29,121803,818,333466,0,110,2,0,Self_Employed,15,928008,48,0
Delhi NBFC,MSME,43,44065,743,130283,0,26,4,2,Salaried,17,939750,12,1
Delhi NBFC,MSME,27,34130,701,71421,1,104,0,0,Salaried,18,431694,60,0
Delhi NBFC,MSME,33,114360,786,103392,0,114,1,1,Salaried,2,489203,48,0
Mumbai NBFC,Unsecured,57,147050,637,406537,-1,17,0,2,Self_Employed,12,458644,60,0
Chennai NBFC,MFI_JLG,36,51168,560,91622,-1,69,0,2,Self_Employed,16,96128,24,1
Mumbai NBFC,LAP,49,83803,-1,74113,-1,20,0,1,Self_Employed,4,2613527,12,0
Delhi NBFC,MSME,39,56875,763,159495,1,109,1,1,Salaried,2,441293,24,0
Chennai NBFC,Unsecured,23,37912,564,90748,-1,90,0,1,Salaried,14,162046,60,0
Chennai NBFC,MFI_JLG,34,57374,-1,133639,-1,68,0,2,Self_Employed,11,92910,48,0
Mumbai NBFC,Unsecured,36,118329,846,268956,-1,36,1,0,Salaried,13,324115,24,0
Mumbai NBFC,SME,41,61270,622,61322,1,84,1,2,Business,7,336537,36,1
Mumbai NBFC,LAP,50,97008,601,99677,-1,55,2,1,Salaried,10,1692568,12,0
Delhi NBFC,SME,50,113388,677,251804,1,83,3,1,Salaried,1,297739,60,1
Mumbai NBFC,MSME,24,148857,577,156196,1,62,0,1,Salaried,4,476071,48,0
Chennai NBFC,Unsecured,40,20672,614,33006,-1,50,4,1,Self_Employed,18,56829,24,1
Delhi NBFC,LAP,24,92087,-1,226074,-1,56,2,3,Self_Employed,6,1637485,12,1
Delhi NBFC,LAP,35,72922,-1,179379,-1,110,0,1,Self_Employed,2,1995734,48,1
Delhi NBFC,SME,25,88080,-1,143848,1,67,0,3,Business,3,1272912,24,0
Delhi NBFC,MSME,32,118348,-1,293559,1,80,0,0,Self_Employed,14,928017,60,0
Chennai NBFC,MFI_JLG,52,32906,759,85442,-1,64,0,1,Self_Employed,8,58723,36,0
Chennai NBFC,Unsecured,53,44618,843,95345,-1,69,1,2,Salaried,16,301181,36,0
Mumbai NBFC,SME,48,146462,-1,156870,0,85,1,1,Self_Employed,19,1293996,60,1
Delhi NBFC,MSME,51,82608,790,97892,1,109,1,1,Self_Employed,18,843212,12,0
Mumbai NBFC,Unsecured,23,128076,-1,164846,-1,59,0,1,Self_Employed,6,423683,60,0
Mumbai NBFC,SME,30,54053,653,42810,0,119,0,2,Self_Employed,14,1838535,24,0
Delhi NBFC,SME,49,56551,-1,66894,1,61,2,2,Self_Employed,3,831884,12,0
Mumbai NBFC,MSME,52,65564,602,67124,0,118,0,0,Business,16,998817,36,1
Mumbai NBFC,Unsecured,55,124745,603,204372,-1,96,4,2,Self_Employed,1,196144,24,0
Mumbai NBFC,LAP,36,94095,825,260746,-1,75,0,1,Business,12,3878414,48,1
Mumbai NBFC,LAP,46,104517,580,79558,-1,77,4,0,Salaried,14,3073283,48,1
Delhi NBFC,MSME,57,68258,684,157039,1,90,0,2,Self_Employed,19,355117,48,1
Mumbai NBFC,LAP,29,40247,-1,89276,-1,30,0,1,Business,19,1316462,36,0
Mumbai NBFC,SME,30,45553,-1,33681,1,16,0,2,Salaried,9,403154,60,0
Mumbai NBFC,LAP,53,55811,-1,156629,-1,75,1,0,Business,7,1673279,12,0
Chennai NBFC,MFI_JLG,38,37445,559,71938,-1,50,2,0,Self_Employed,14,72104,36,0
Mumbai NBFC,LAP,56,41135,-1,57972,-1,51,0,1,Salaried,5,4594290,24,0
Delhi NBFC,Unsecured,40,36523,844,87339,-1,83,3,0,Self_Employed,18,386880,24,0
Delhi NBFC,LAP,50,100900,705,115370,-1,42,1,2,Salaried,9,1378839,48,1
Mumbai NBFC,SME,28,42189,707,94240,1,25,1,0,Business,7,1186354,12,0
Delhi NBFC,Unsecured,49,48834,586,29265,-1,18,2,1,Business,9,400767,48,0
Mumbai NBFC,SME,30,78646,-1,204363,0,6,0,0,Salaried,4,1046302,24,0
Chennai NBFC,MFI_JLG,49,49422,-1,80084,-1,76,0,0,Self_Employed,17,21073,24,0
Mumbai NBFC,SME,27,146971,791,307423,0,113,3,2,Self_Employed,12,415363,60,0
Mumbai NBFC,SME,50,88687,848,93395,0,74,3,0,Salaried,6,1346423,60,0
Mumbai NBFC,MSME,38,103312,-1,226530,0,105,4,1,Salaried,18,978777,60,1
Mumbai NBFC,MSME,37,142615,-1,346640,0,105,3,2,Self_Employed,8,241902,48,1
Mumbai NBFC,MSME,44,62564,605,105297,0,37,0,1,Salaried,15,422775,12,1
Chennai NBFC,Unsecured,52,45362,-1,92734,-1,109,2,2,Salaried,3,173189,60,1
Mumbai NBFC,SME,24,96587,780,158481,0,10,0,0,Business,2,611855,36,0
Chennai NBFC,Unsecured,42,19219,641,52568,-1,94,5,0,Business,9,294460,60,0
Chennai NBFC,Unsecured,47,16310,828,28455,-1,107,0,2,Business,8,337738,48,0
Delhi NBFC,MSME,57,29567,-1,77007,1,109,1,1,Business,4,507544,12,0
Delhi NBFC,LAP,43,99807,-1,249854,-1,41,0,1,Salaried,2,795906,60,0
Delhi NBFC,LAP,33,102239,849,156043,-1,18,0,1,Salaried,14,3078356,12,0
Delhi NBFC,Unsecured,34,38329,767,41211,-1,41,0,1,Salaried,2,155021,36,0
Delhi NBFC,LAP,32,96792,771,146659,-1,12,3,0,Business,2,3740868,24,0
Mumbai NBFC,MSME,37,44615,710,114461,1,107,2,2,Business,7,408840,12,0
Delhi NBFC,LAP,29,115282,565,123245,-1,81,0,1,Self_Employed,12,3662743,60,0
Delhi NBFC,MSME,23,107214,-1,194174,1,17,2,1,Business,6,138872,48,0
Chennai NBFC,MFI_JLG,51,21422,-1,53881,-1,44,1,2,Self_Employed,18,17734,48,0
Delhi NBFC,Unsecured,51,82769,611,114526,-1,111,0,0,Salaried,4,410267,48,0
Chennai NBFC,MFI_JLG,33,47679,-1,100389,-1,96,0,0,Self_Employed,19,15293,48,0
Delhi NBFC,Unsecured,31,113721,-1,126694,-1,62,2,2,Salaried,13,425627,12,0
Delhi NBFC,Unsecured,32,58686,621,45375,-1,22,1,2,Salaried,2,345900,48,1
Mumbai NBFC,Unsecured,36,120709,579,300077,-1,61,0,1,Self_Employed,8,486642,24,1
Mumbai NBFC,Unsecured,37,113533,837,84857,-1,87,1,0,Salaried,19,186659,36,1
Chennai NBFC,MFI_JLG,38,34014,635,40083,-1,42,0,0,Self_Employed,9,22391,12,0
Chennai NBFC,Unsecured,47,59239,-1,156259,-1,36,0,1,Self_Employed,4,139792,12,0
Chennai NBFC,MFI_JLG,23,40936,784,55925,-1,90,0,1,Self_Employed,16,56823,48,0
Delhi NBFC,MSME,33,67818,814,198883,0,70,0,2,Self_Employed,19,325449,48,0
Delhi NBFC,LAP,47,96927,836,285870,-1,81,1,3,Self_Employed,10,2594889,12,1
Chennai NBFC,Unsecured,44,15470,818,18110,-1,91,3,2,Salaried,6,412793,48,0
Chennai NBFC,MFI_JLG,39,40859,-1,24615,-1,29,0,1,Self_Employed,16,13352,48,0
Chennai NBFC,MFI_JLG,53,24953,680,56460,-1,96,0,2,Self_Employed,10,93598,48,0
Mumbai NBFC,SME,24,139223,-1,226580,1,62,1,1,Self_Employed,13,883284,48,0
Mumbai NBFC,MSME,24,116422,826,87535,0,79,3,0,Business,9,840870,48,1
Chennai NBFC,MFI_JLG,51,37433,729,84928,-1,37,1,0,Self_Employed,7,90138,60,0
Delhi NBFC,Unsecured,22,119000,839,68774,-1,92,2,1,Business,4,349347,60,1
Chennai NBFC,Unsecured,51,16523,712,44207,-1,70,0,2,Salaried,19,328364,60,0
Chennai NBFC,MFI_JLG,53,31387,-1,26573,-1,34,2,0,Self_Employed,4,95348,12,1
Mumbai NBFC,SME,49,68377,645,55951,1,85,0,0,Salaried,19,231854,36,0
Chennai NBFC,Unsecured,42,41169,811,38665,-1,108,0,3,Salaried,19,260755,12,0
Chennai NBFC,Unsecured,34,55641,-1,161395,-1,38,0,0,Business,12,96381,60,0
Delhi NBFC,MSME,48,87894,632,196260,1,106,0,2,Self_Employed,13,959701,12,1
Chennai NBFC,MFI_JLG,57,39661,774,99288,-1,90,3,0,Self_Employed,4,35123,36,1
Mumbai NBFC,MSME,28,58382,-1,87227,1,73,3,0,Salaried,10,957017,48,0
Chennai NBFC,Unsecured,43,24457,667,32791,-1,52,0,2,Salaried,7,416200,24,0
Delhi NBFC,LAP,31,117850,-1,128009,-1,44,0,0,Self_Employed,5,2011718,60,0
Chennai NBFC,MFI_JLG,36,48083,628,81818,-1,55,0,1,Self_Employed,17,73886,60,0
Mumbai NBFC,MSME,36,138246,-1,259843,0,84,0,0,Business,18,705432,36,1
Delhi NBFC,SME,25,63871,696,132815,1,17,1,0,Business,11,974079,48,1
Chennai NBFC,MFI_JLG,53,41528,656,47458,-1,94,3,0,Self_Employed,15,54016,48,1
Delhi NBFC,MSME,44,102733,820,295011,1,35,4,0,Salaried,7,294006,24,1
Delhi NBFC,LAP,27,54511,793,50389,-1,43,1,0,Salaried,18,849829,48,0
Chennai NBFC,MFI_JLG,45,12042,622,35091,-1,67,2,2,Self_Employed,6,77733,36,0
Chennai NBFC,MFI_JLG,41,14598,575,7841,-1,52,0,1,Self_Employed,18,18222,48,0
Mumbai NBFC,SME,41,145674,-1,248055,0,91,0,0,Self_Employed,16,415836,36,0
Mumbai NBFC,MSME,33,138533,641,184722,1,52,0,1,Self_Employed,2,803407,60,0
Mumbai NBFC,Unsecured,54,116845,674,189617,-1,65,1,2,Self_Employed,19,71788,60,0
Delhi NBFC,MSME,49,69462,622,133829,0,16,1,2,Salaried,1,240813,60,1
Delhi NBFC,SME,29,86382,672,137258,1,82,0,1,Salaried,11,857992,12,0
Mumbai NBFC,SME,22,145476,733,223613,1,60,0,2,Self_Employed,5,280882,60,0
Chennai NBFC,Unsecured,43,46018,736,107305,-1,22,0,0,Self_Employed,16,233361,36,0
Chennai NBFC,MFI_JLG,27,18061,747,39999,-1,31,4,1,Self_Employed,1,81688,24,1
Chennai NBFC,MFI_JLG,42,18609,-1,48070,-1,32,0,1,Self_Employed,19,82708,48,0
Delhi NBFC,Unsecured,53,50186,735,56454,-1,86,2,1,Business,14,432968,60,0
Mumbai NBFC,MSME,56,83924,802,169847,1,84,2,1,Salaried,3,747049,12,1
Delhi NBFC,MSME,36,47813,562,93856,1,56,0,1,Self_Employed,2,868454,12,0
Mumbai NBFC,Unsecured,26,44726,848,63705,-1,20,1,3,Salaried,5,135406,36,0
Mumbai NBFC,SME,27,95824,-1,164351,0,81,3,2,Self_Employed,17,1828042,24,1
Chennai NBFC,Unsecured,46,21620,600,27769,-1,62,0,1,Business,18,308415,60,0
Mumbai NBFC,MSME,50,55245,824,47212,1,97,4,1,Business,1,993595,60,0
Delhi NBFC,Unsecured,28,53060,-1,54890,-1,13,0,0,Salaried,15,320758,12,0
Delhi NBFC,LAP,34,83866,768,64055,-1,30,0,0,Salaried,9,848492,36,0
Chennai NBFC,MFI_JLG,39,28645,-1,63238,-1,32,3,1,Self_Employed,5,84099,12,1
Mumbai NBFC,Unsecured,23,137907,760,296750,-1,109,2,1,Salaried,13,418354,12,1
Delhi NBFC,MSME,29,31080,-1,89402,1,81,5,0,Self_Employed,19,115330,24,1
Delhi NBFC,Unsecured,32,38854,575,90304,-1,40,1,2,Business,10,375843,36,0
Chennai NBFC,MFI_JLG,54,26892,722,16945,-1,13,3,1,Self_Employed,14,89991,24,0
Delhi NBFC,MSME,48,52025,705,141019,1,51,2,1,Salaried,12,224679,36,0
Chennai NBFC,Unsecured,41,19484,787,51762,-1,82,2,0,Salaried,11,400733,60,1
Chennai NBFC,MFI_JLG,33,15495,631,24920,-1,55,1,0,Self_Employed,7,97091,48,1
Delhi NBFC,SME,52,29368,-1,57698,1,80,0,2,Salaried,17,1438297,48,0
Delhi NBFC,LAP,48,52094,-1,153166,-1,61,3,1,Salaried,18,640017,36,0
Chennai NBFC,MFI_JLG,53,50166,593,91841,-1,36,0,3,Self_Employed,7,22874,48,0
Mumbai NBFC,Unsecured,31,108290,-1,299238,-1,106,0,3,Salaried,6,421562,12,0
Mumbai NBFC,Unsecured,24,82014,672,58032,-1,71,0,1,Self_Employed,11,367649,60,0
Chennai NBFC,Unsecured,48,58773,745,57458,-1,61,1,0,Business,12,126031,60,0
Chennai NBFC,MFI_JLG,56,59476,660,95273,-1,58,0,2,Self_Employed,16,30750,48,0
Chennai NBFC,Unsecured,52,36569,807,71744,-1,20,0,3,Self_Employed,19,435096,36,0
Chennai NBFC,Unsecured,36,38552,-1,97944,-1,66,3,1,Self_Employed,19,50146,12,0
Mumbai NBFC,SME,37,84052,747,249689,1,88,0,2,Self_Employed,11,276377,36,0
Delhi NBFC,MSME,34,49466,831,72820,1,100,1,2,Salaried,16,659408,48,0
Chennai NBFC,MFI_JLG,56,38948,749,24090,-1,60,0,1,Self_Employed,12,15271,60,0
Mumbai NBFC,Unsecured,32,103111,648,258079,-1,27,0,1,Business,8,288142,60,1
Mumbai NBFC,LAP,42,140058,-1,281649,-1,21,0,2,Business,3,4951774,36,0
Chennai NBFC,MFI_JLG,32,13587,638,13537,-1,84,1,1,Self_Employed,2,38994,24,0
Delhi NBFC,LAP,51,118297,695,205490,-1,42,0,0,Salaried,6,4973852,36,1
Mumbai NBFC,SME,56,69754,731,164324,0,76,3,0,Salaried,16,1184789,24,1
Delhi NBFC,MSME,43,89384,806,216848,1,87,0,0,Salaried,15,634421,36,0
Mumbai NBFC,LAP,52,120886,738,211435,-1,34,0,0,Self_Employed,14,2776583,24,0
Delhi NBFC,MSME,35,60525,789,76445,1,62,0,2,Salaried,2,837770,24,0
Delhi NBFC,MSME,45,51532,-1,151213,1,102,0,0,Salaried,18,721281,24,0
Delhi NBFC,Unsecured,53,31464,846,67912,-1,82,2,0,Business,14,172524,24,1
Mumbai NBFC,Unsecured,57,59704,714,90785,-1,26,3,0,Salaried,18,138197,12,1
Chennai NBFC,MFI_JLG,53,13127,820,15767,-1,112,1,1,Self_Employed,2,19610,24,1
Mumbai NBFC,LAP,36,129913,557,302405,-1,21,0,1,Self_Employed,1,3779115,24,1
Chennai NBFC,Unsecured,56,55528,-1,61383,-1,19,0,0,Salaried,2,93937,60,0
Mumbai NBFC,SME,24,42493,663,39487,1,118,0,0,Self_Employed,9,1788276,12,1
Delhi NBFC,MSME,37,34269,605,62526,1,52,4,0,Self_Employed,9,703672,24,1
Chennai NBFC,MFI_JLG,26,13395,687,16408,-1,36,0,1,Self_Employed,16,65122,48,0
Delhi NBFC,MSME,42,48065,651,99603,1,81,1,0,Salaried,11,376570,12,1
Chennai NBFC,Unsecured,31,10845,726,8620,-1,89,0,3,Self_Employed,6,372195,60,0
Delhi NBFC,SME,40,105859,-1,226258,1,117,0,1,Business,12,1463225,36,0
Chennai NBFC,Unsecured,46,55722,835,67325,-1,44,0,0,Self_Employed,3,126990,60,0
Delhi NBFC,Unsecured,25,74737,810,37413,-1,101,0,1,Salaried,12,387348,60,0
Chennai NBFC,MFI_JLG,50,23731,772,19396,-1,61,2,0,Self_Employed,1,37729,12,0
Mumbai NBFC,MSME,40,40594,748,115044,1,62,0,1,Salaried,9,943855,12,0
Chennai NBFC,Unsecured,23,45585,760,121638,-1,95,1,0,Self_Employed,6,437485,48,0
Delhi NBFC,SME,31,58302,836,63200,1,103,0,1,Self_Employed,11,982190,48,0
Mumbai NBFC,Unsecured,46,82315,-1,201336,-1,20,4,2,Self_Employed,3,256840,12,1
Chennai NBFC,Unsecured,41,22467,799,45415,-1,32,0,2,Business,4,210111,12,1
Mumbai NBFC,Unsecured,40,136448,780,399419,-1,102,3,0,Self_Employed,10,427838,12,0
Mumbai NBFC,MSME,44,114526,572,164231,0,115,2,0,Self_Employed,19,678613,36,1
Mumbai NBFC,Unsecured,45,147387,597,324789,-1,5,4,1,Salaried,6,87459,60,1
Mumbai NBFC,Unsecured,32,51626,658,34013,-1,45,0,2,Business,1,188741,48,0
Mumbai NBFC,SME,55,121005,845,180372,1,52,1,2,Business,8,668741,48,1
Mumbai NBFC,MSME,49,141258,555,410996,1,35,0,0,Salaried,8,757362,24,0
Chennai NBFC,MFI_JLG,26,19582,587,36176,-1,40,0,0,Self_Employed,6,30828,36,1
Delhi NBFC,MSME,26,57769,718,70460,1,112,0,1,Salaried,17,815597,12,1
Delhi NBFC,Unsecured,42,49700,832,39793,-1,37,0,0,Business,19,243556,12,0
Chennai NBFC,MFI_JLG,33,39113,752,88349,-1,37,5,0,Self_Employed,1,23146,36,0
Chennai NBFC,MFI_JLG,25,28827,822,60886,-1,107,0,0,Self_Employed,15,56266,48,0
Mumbai NBFC,MSME,41,147524,793,211674,1,86,1,1,Business,13,554075,12,0
Mumbai NBFC,SME,46,139635,596,401779,1,27,1,3,Salaried,3,743864,24,1
Delhi NBFC,Unsecured,35,33320,798,18509,-1,64,0,3,Business,2,466549,48,0
Delhi NBFC,MSME,32,74589,628,93930,1,91,1,1,Self_Employed,3,449931,60,0
Mumbai NBFC,MSME,53,52883,659,148213,1,83,0,1,Salaried,9,611098,36,0
Mumbai NBFC,MSME,32,78059,562,101659,1,94,1,2,Salaried,16,440387,48,0
Mumbai NBFC,LAP,39,119078,639,134633,-1,34,0,0,Salaried,13,2340980,60,1
Delhi NBFC,Unsecured,48,55930,829,102662,-1,93,4,1,Self_Employed,19,351019,24,1
Chennai NBFC,MFI_JLG,39,32880,770,84156,-1,49,2,1,Self_Employed,18,30439,36,0
Chennai NBFC,Unsecured,44,13407,-1,10160,-1,84,4,0,Salaried,12,193770,12,1
Mumbai NBFC,Unsecured,32,120959,783,345646,-1,43,0,1,Salaried,12,146500,12,0
Mumbai NBFC,Unsecured,42,37035,809,92131,-1,116,0,0,Salaried,1,373970,60,0
Delhi NBFC,LAP,26,95934,662,91437,-1,49,0,1,Self_Employed,8,4235268,48,0
Chennai NBFC,MFI_JLG,44,47122,595,107439,-1,82,0,0,Self_Employed,17,63276,24,0
Mumbai NBFC,SME,46,52241,-1,76397,1,85,0,0,Salaried,7,1347484,60,0
Delhi NBFC,SME,31,119598,-1,180083,1,16,1,0,Self_Employed,9,570868,24,0
Chennai NBFC,MFI_JLG,43,45654,757,112227,-1,97,0,2,Self_Employed,17,85604,24,0
Chennai NBFC,MFI_JLG,40,44932,652,130615,-1,36,0,1,Self_Employed,10,26967,24,0
Chennai NBFC,Unsecured,22,36505,673,29811,-1,60,3,1,Business,4,170853,36,0
Chennai NBFC,Unsecured,28,46713,-1,72478,-1,28,1,1,Self_Employed,7,254818,60,0
Mumbai NBFC,SME,25,91396,-1,155588,1,17,0,1,Business,7,1723342,36,0
Mumbai NBFC,Unsecured,22,134227,580,193391,-1,24,0,0,Business,8,83043,48,0
Chennai NBFC,Unsecured,36,21975,705,30940,-1,83,0,1,Business,8,447294,48,0
Chennai NBFC,MFI_JLG,33,50522,609,31862,-1,60,0,0,Self_Employed,16,83235,12,0
Delhi NBFC,LAP,43,63106,-1,139707,-1,57,1,0,Salaried,12,3180210,12,0
Delhi NBFC,Unsecured,43,104737,819,166587,-1,72,0,1,Salaried,15,341494,12,0
Mumbai NBFC,SME,38,98014,-1,96738,0,58,2,0,Salaried,8,227182,48,0
Chennai NBFC,Unsecured,50,13880,-1,35256,-1,38,2,0,Self_Employed,9,180119,24,0
Chennai NBFC,MFI_JLG,35,53454,573,133977,-1,32,1,1,Self_Employed,3,32163,24,0
Delhi NBFC,LAP,41,65860,755,113014,-1,54,0,1,Salaried,16,4533310,60,0
Mumbai NBFC,LAP,54,47254,-1,58884,-1,6,0,1,Self_Employed,15,2048160,48,0
Mumbai NBFC,SME,36,90734,663,190108,0,115,2,1,Salaried,4,986825,12,1
Chennai NBFC,MFI_JLG,33,32449,829,39600,-1,98,0,1,Self_Employed,16,36592,48,0
Chennai NBFC,MFI_JLG,41,24799,704,27031,-1,30,0,1,Self_Employed,10,33039,24,0
Chennai NBFC,MFI_JLG,51,59048,714,137362,-1,55,0,0,Self_Employed,11,74099,24,0
Mumbai NBFC,MSME,24,116418,-1,69945,1,51,0,0,Self_Employed,5,391190,36,0
Mumbai NBFC,SME,49,95197,640,70152,0,30,2,1,Self_Employed,11,621645,36,1
Delhi NBFC,Unsecured,47,81633,716,42201,-1,88,0,0,Self_Employed,13,370228,60,0
Delhi NBFC,SME,51,51655,756,45578,1,110,0,3,Salaried,15,515050,48,0
Chennai NBFC,MFI_JLG,34,50828,831,34180,-1,96,0,2,Self_Employed,6,42174,36,0
Chennai NBFC,MFI_JLG,34,13990,-1,41823,-1,88,1,0,Self_Employed,16,52631,36,0
Chennai NBFC,Unsecured,23,29073,553,35527,-1,79,3,0,Salaried,15,189933,48,0
Chennai NBFC,Unsecured,23,46863,-1,40919,-1,78,2,0,Business,11,461037,24,0
Mumbai NBFC,SME,57,146984,798,162048,1,65,0,0,Salaried,2,1993555,60,0
Chennai NBFC,MFI_JLG,47,28259,806,80264,-1,27,0,0,Self_Employed,2,12614,60,0
Chennai NBFC,MFI_JLG,32,29790,784,53633,-1,41,0,1,Self_Employed,12,44647,60,0
Chennai NBFC,MFI_JLG,29,19979,623,28211,-1,45,1,2,Self_Employed,16,67940,36,0
Delhi NBFC,SME,43,60333,736,161902,1,56,1,1,Salaried,19,961994,24,1
Mumbai NBFC,Unsecured,41,114079,611,169689,-1,87,1,0,Salaried,2,395906,60,0
Delhi NBFC,Unsecured,29,60398,713,80783,-1,113,0,1,Self_Employed,17,465844,48,0
Chennai NBFC,Unsecured,50,34624,-1,35254,-1,86,1,1,Business,14,394390,60,0
Mumbai NBFC,Unsecured,47,65771,660,95005,-1,53,0,2,Salaried,16,179350,12,0
Delhi NBFC,Unsecured,51,80421,-1,103880,-1,31,2,2,Business,5,339946,24,1
Mumbai NBFC,LAP,38,100911,789,221324,-1,10,0,2,Salaried,10,2665924,12,0
Mumbai NBFC,SME,41,133566,570,163479,1,78,1,1,Salaried,17,1689051,24,0
Mumbai NBFC,MSME,37,55746,690,108314,1,70,0,1,Salaried,13,427460,48,0
Delhi NBFC,SME,28,35313,814,23473,1,28,0,0,Self_Employed,16,991006,36,0
Mumbai NBFC,MSME,37,144884,-1,141728,1,42,1,1,Salaried,9,401355,36,0
Mumbai NBFC,MSME,48,95739,619,145380,1,32,0,0,Self_Employed,4,447613,24,0
Chennai NBFC,Unsecured,44,57476,667,163368,-1,32,2,1,Business,16,54015,60,0
Mumbai NBFC,MSME,45,133187,747,192206,1,113,1,1,Self_Employed,11,860616,12,1
Chennai NBFC,Unsecured,30,17645,754,38116,-1,118,1,0,Self_Employed,7,370956,48,0
Mumbai NBFC,Unsecured,56,36893,763,41973,-1,107,0,0,Business,17,57826,60,0
Mumbai NBFC,Unsecured,41,65573,605,53611,-1,70,0,0,Salaried,13,59201,36,1
Chennai NBFC,MFI_JLG,38,20889,-1,13501,-1,65,1,0,Self_Employed,4,41607,60,0
Mumbai NBFC,Unsecured,52,75874,-1,95869,-1,50,0,0,Self_Employed,14,433615,12,0
Delhi NBFC,MSME,29,107203,724,95855,1,73,1,0,Self_Employed,10,668944,36,0
Delhi NBFC,MSME,36,96376,677,90114,1,118,0,0,Salaried,10,892067,24,1
Chennai NBFC,Unsecured,52,45503,841,109293,-1,79,0,0,Salaried,10,108418,48,0
Mumbai NBFC,MSME,51,68367,837,36890,0,78,0,3,Self_Employed,12,990987,48,0
Chennai NBFC,MFI_JLG,41,34662,775,65668,-1,47,0,0,Self_Employed,2,62523,36,0
Delhi NBFC,LAP,33,75617,613,109542,-1,63,0,0,Salaried,9,1373889,24,0
Delhi NBFC,SME,38,82473,-1,145678,1,6,1,1,Business,5,1889532,12,0
Delhi NBFC,SME,51,111654,-1,212932,1,19,2,2,Business,8,319229,48,1
Mumbai NBFC,MSME,50,121133,609,155464,1,107,0,1,Self_Employed,14,859401,36,0
Mumbai NBFC,MSME,40,71405,806,88383,1,109,4,0,Self_Employed,7,174975,48,0
Mumbai NBFC,SME,32,133232,614,310897,0,41,0,1,Business,7,430205,24,0
Mumbai NBFC,MSME,55,143659,788,384746,0,75,3,1,Salaried,9,160666,12,1
Chennai NBFC,Unsecured,28,36973,838,36287,-1,24,1,1,Salaried,3,91607,24,0
Delhi NBFC,Unsecured,55,32382,587,24093,-1,102,1,1,Self_Employed,14,474504,60,1
Mumbai NBFC,MSME,41,44290,-1,121553,0,39,0,2,Business,17,853789,24,0
Chennai NBFC,MFI_JLG,45,46303,608,63654,-1,38,0,2,Self_Employed,18,35979,24,1
Mumbai NBFC,MSME,31,114878,846,215774,1,90,0,1,Business,12,242475,48,0
Mumbai NBFC,MSME,53,125477,707,175524,1,35,1,1,Self_Employed,14,684765,24,0
Chennai NBFC,MFI_JLG,36,29830,606,24296,-1,91,0,1,Self_Employed,13,69261,36,1
Chennai NBFC,MFI_JLG,41,23403,597,46181,-1,23,2,2,Self_Employed,14,82964,48,0
Delhi NBFC,Unsecured,24,97394,605,176560,-1,72,0,0,Salaried,9,117583,48,0
Chennai NBFC,Unsecured,29,29091,614,29308,-1,28,2,3,Business,19,387044,60,1
Mumbai NBFC,MSME,44,140686,817,229272,0,88,0,0,Business,2,585705,36,0
Delhi NBFC,LAP,32,70156,618,174854,-1,43,0,1,Salaried,11,3502946,24,0
Mumbai NBFC,SME,29,142286,765,281166,1,96,0,2,Business,17,1657955,60,0
Chennai NBFC,MFI_JLG,50,46701,638,34665,-1,58,0,0,Self_Employed,2,77561,36,0
Mumbai NBFC,MSME,51,75475,-1,141142,1,43,0,1,Self_Employed,19,644903,60,0
Delhi NBFC,MSME,31,29136,806,65755,0,21,2,0,Self_Employed,7,418952,12,1
Mumbai NBFC,LAP,49,131622,-1,326654,-1,23,0,1,Salaried,18,2743445,24,0
Delhi NBFC,LAP,57,107263,783,222334,-1,52,0,0,Self_Employed,13,3962653,60,0
Delhi NBFC,SME,34,57167,680,50401,1,39,2,1,Salaried,5,393198,12,0
Delhi NBFC,LAP,53,40479,598,92107,-1,36,0,1,Self_Employed,18,2553078,24,0
Delhi NBFC,SME,57,56376,696,123652,1,51,4,3,Salaried,16,1446872,60,1
Delhi NBFC,LAP,47,29823,551,16732,-1,114,5,3,Business,15,3824116,60,1
Delhi NBFC,Unsecured,43,95456,-1,145987,-1,51,0,0,Business,8,482344,60,0
Mumbai NBFC,Unsecured,25,42008,610,55970,-1,68,0,1,Salaried,15,492846,60,0
Delhi NBFC,LAP,52,42272,822,91879,-1,50,0,0,Salaried,1,686589,48,0
Delhi NBFC,MSME,39,51619,598,53701,1,107,2,0,Self_Employed,17,572691,60,0
Chennai NBFC,Unsecured,45,42991,-1,85000,-1,39,1,0,Self_Employed,15,375580,48,0
Mumbai NBFC,Unsecured,44,125909,592,350406,-1,98,1,3,Salaried,14,440523,48,0
Mumbai NBFC,MSME,43,55827,606,139260,1,21,2,3,Self_Employed,14,553648,12,1
Delhi NBFC,MSME,23,44267,599,124108,0,46,0,0,Salaried,10,567212,24,1
Delhi NBFC,MSME,52,40696,727,119901,1,115,2,0,Salaried,2,551420,48,0
Delhi NBFC,SME,32,54968,842,28950,0,33,1,0,Salaried,6,570652,36,0
Delhi NBFC,LAP,49,78364,595,161183,-1,74,1,1,Salaried,17,521179,48,0
Delhi NBFC,SME,53,48345,719,74069,1,21,3,1,Business,5,511009,36,1
Delhi NBFC,LAP,26,76567,-1,202874,-1,85,1,0,Business,5,1153724,12,0
Delhi NBFC,MSME,31,116229,688,131284,0,18,0,2,Salaried,15,640192,36,0
Delhi NBFC,SME,45,86607,796,255713,0,28,0,0,Self_Employed,15,1154321,12,1
Mumbai NBFC,MSME,56,49414,-1,100521,1,61,0,2,Salaried,11,770756,12,1
Delhi NBFC,SME,44,108658,779,269889,0,54,0,1,Self_Employed,5,293391,12,0
Mumbai NBFC,MSME,38,148880,829,106300,1,61,4,1,Salaried,1,187469,36,1
Mumbai NBFC,LAP,22,35946,674,34459,-1,105,0,2,Self_Employed,11,1488128,36,1
Mumbai NBFC,SME,52,49693,741,119064,1,65,1,2,Business,11,498402,12,0
Delhi NBFC,Unsecured,52,103518,629,57449,-1,108,0,0,Salaried,6,61231,12,0
Chennai NBFC,Unsecured,55,45187,643,114874,-1,43,0,0,Business,8,184400,24,0
Mumbai NBFC,SME,30,50540,775,27032,0,59,3,3,Salaried,2,1097898,12,0
Delhi NBFC,LAP,43,115697,614,247915,-1,100,2,0,Salaried,15,1217940,60,0
Chennai NBFC,MFI_JLG,34,23753,637,33556,-1,40,0,0,Self_Employed,9,13722,24,0
Chennai NBFC,Unsecured,46,48090,637,97561,-1,118,0,1,Salaried,15,446496,24,1
Delhi NBFC,MSME,39,25495,750,57110,0,41,0,2,Salaried,8,485905,24,1
Delhi NBFC,MSME,33,69755,-1,94600,1,116,0,2,Salaried,16,844030,60,1
Chennai NBFC,MFI_JLG,38,13117,-1,10098,-1,18,0,2,Self_Employed,14,83338,24,1
Chennai NBFC,Unsecured,36,46929,638,31635,-1,31,0,1,Salaried,15,231298,24,1
Delhi NBFC,Unsecured,36,103929,610,204983,-1,87,4,0,Self_Employed,13,137542,36,1
Delhi NBFC,Unsecured,36,26552,-1,47837,-1,35,1,1,Business,9,63570,36,0
Mumbai NBFC,MSME,34,132557,643,312238,1,114,3,2,Salaried,1,124136,12,1
Mumbai NBFC,Unsecured,38,77832,-1,138100,-1,77,1,0,Salaried,6,276201,12,0
Mumbai NBFC,MSME,53,63369,763,98609,1,106,0,0,Salaried,8,648713,48,0
Mumbai NBFC,Unsecured,30,66728,623,99772,-1,85,2,0,Business,18,438034,60,0
Mumbai NBFC,SME,41,52576,610,29764,0,87,0,1,Self_Employed,18,443747,36,1
Chennai NBFC,MFI_JLG,47,37938,735,50794,-1,48,2,2,Self_Employed,17,46288,12,0
Delhi NBFC,MSME,48,98591,-1,289862,1,72,0,1,Salaried,16,380967,60,0
Delhi NBFC,MSME,42,95190,768,255479,1,52,0,3,Salaried,13,437553,24,0
Chennai NBFC,Unsecured,39,49978,561,66143,-1,61,2,0,Salaried,4,471541,60,0
Chennai NBFC,MFI_JLG,34,18787,581,37000,-1,79,1,2,Self_Employed,4,66995,36,0
Mumbai NBFC,SME,37,46569,709,121928,1,26,3,2,Business,14,929221,48,1
Mumbai NBFC,SME,30,48029,786,76999,1,8,3,0,Salaried,5,1253062,36,0
Delhi NBFC,LAP,33,81398,776,44353,-1,85,0,3,Self_Employed,16,1462334,12,0
Mumbai NBFC,LAP,40,80875,-1,55502,-1,76,0,0,Salaried,14,3953695,12,0
Mumbai NBFC,Unsecured,28,135864,595,241291,-1,50,0,2,Salaried,14,424116,60,0
Delhi NBFC,Unsecured,56,51870,629,151647,-1,63,1,2,Business,14,473394,36,0
Delhi NBFC,Unsecured,39,62394,-1,139327,-1,38,2,2,Self_Employed,14,263609,12,0
Mumbai NBFC,LAP,37,134515,809,91105,-1,15,0,1,Salaried,19,3189391,24,0
Delhi NBFC,MSME,25,104795,796,102007,1,35,1,0,Salaried,3,107131,24,0
Delhi NBFC,SME,46,105409,708,255965,1,15,1,1,Business,17,309537,48,1
Delhi NBFC,Unsecured,53,38016,752,98978,-1,60,0,1,Self_Employed,14,232206,60,0
Delhi NBFC,LAP,34,67137,661,137243,-1,42,2,2,Self_Employed,10,4342043,12,0
Delhi NBFC,SME,38,25153,841,53099,1,25,1,2,Salaried,13,1429748,48,1
Chennai NBFC,Unsecured,27,24345,-1,13897,-1,114,4,2,Salaried,4,58164,24,1
Mumbai NBFC,Unsecured,40,85435,566,219681,-1,98,0,0,Business,11,267450,48,1
Mumbai NBFC,MSME,34,45310,-1,111946,0,14,0,2,Self_Employed,15,738451,48,0
Chennai NBFC,Unsecured,47,57779,666,66306,-1,30,0,3,Salaried,15,63351,12,0
Mumbai NBFC,MSME,35,146048,592,331776,1,95,0,2,Self_Employed,2,181118,12,1
Delhi NBFC,SME,52,88456,664,91740,1,12,4,0,Business,11,1339429,12,0
Mumbai NBFC,MSME,25,104922,832,63039,1,107,0,0,Salaried,2,951611,60,0
Mumbai NBFC,MSME,29,132799,586,133176,0,12,2,0,Salaried,5,648524,48,0
Chennai NBFC,MFI_JLG,46,25173,662,23828,-1,64,0,1,Self_Employed,13,72146,48,0
Mumbai NBFC,Unsecured,34,117839,584,158419,-1,76,0,1,Self_Employed,1,273136,60,0
Delhi NBFC,MSME,53,72691,681,112389,0,38,0,3,Self_Employed,7,793308,24,0
Delhi NBFC,Unsecured,49,62040,777,109894,-1,20,1,1,Business,7,431711,36,0
Mumbai NBFC,Unsecured,51,43947,-1,74353,-1,109,1,0,Salaried,10,490844,24,0
Mumbai NBFC,SME,24,147250,671,173267,1,17,0,1,Salaried,6,1571318,60,0
Mumbai NBFC,LAP,49,106466,-1,60997,-1,91,3,2,Business,12,2218002,48,0
Mumbai NBFC,MSME,24,138706,722,279181,1,80,0,3,Salaried,13,793540,48,0
Chennai NBFC,MFI_JLG,55,54377,703,80987,-1,95,0,2,Self_Employed,11,54379,12,1
Mumbai NBFC,SME,37,83785,699,104453,0,26,0,1,Self_Employed,18,291810,12,0
Delhi NBFC,LAP,43,44810,-1,119524,-1,100,0,1,Self_Employed,2,4426516,48,1
Delhi NBFC,LAP,53,110703,-1,262018,-1,117,3,2,Salaried,16,3506640,48,1
Delhi NBFC,MSME,29,112347,705,297091,1,31,0,1,Business,2,227845,12,0
Delhi NBFC,SME,29,82204,717,142825,1,68,0,0,Business,19,645581,12,1
Delhi NBFC,LAP,27,45085,715,37300,-1,6,0,0,Self_Employed,6,1869943,24,0
Delhi NBFC,LAP,35,71854,634,160992,-1,113,1,0,Self_Employed,1,3337132,48,0
Delhi NBFC,MSME,53,99797,686,101312,1,101,0,1,Salaried,11,233727,48,0
Delhi NBFC,LAP,56,109269,738,175166,-1,30,1,0,Salaried,18,4542879,60,1
Chennai NBFC,Unsecured,31,33183,551,21983,-1,96,0,0,Salaried,10,86294,24,1
Delhi NBFC,LAP,24,81207,655,208155,-1,87,0,0,Salaried,18,2283318,36,1
Mumbai NBFC,SME,33,114376,-1,93199,1,111,2,1,Business,1,429417,36,1
Mumbai NBFC,Unsecured,52,87774,675,242058,-1,73,0,1,Business,19,93969,36,0
Chennai NBFC,MFI_JLG,50,35523,-1,94511,-1,101,2,1,Self_Employed,16,77156,12,0
Delhi NBFC,MSME,26,39141,754,65031,1,88,0,0,Self_Employed,7,399615,36,0
Mumbai NBFC,SME,46,63633,-1,150232,1,34,2,0,Salaried,15,1998336,60,0
Chennai NBFC,MFI_JLG,52,10524,-1,21559,-1,113,0,1,Self_Employed,1,63570,12,0
Chennai NBFC,Unsecured,42,19079,690,47844,-1,12,1,0,Salaried,9,293707,12,0
Chennai NBFC,MFI_JLG,41,18399,-1,29061,-1,42,0,0,Self_Employed,2,58679,36,0
Delhi NBFC,Unsecured,43,109431,-1,269695,-1,65,0,0,Self_Employed,17,328616,12,1
Delhi NBFC,SME,25,90679,603,150177,0,85,0,2,Business,10,662441,24,0
Mumbai NBFC,MSME,34,108373,-1,309124,1,112,0,1,Business,6,998524,24,0
Chennai NBFC,MFI_JLG,41,53162,-1,91222,-1,69,0,0,Self_Employed,5,77959,36,1
Mumbai NBFC,SME,34,42370,636,70187,1,71,0,0,Business,8,941277,60,0
Mumbai NBFC,SME,38,106947,807,263376,1,50,1,3,Salaried,8,429701,12,0
Delhi NBFC,MSME,57,103683,727,264800,1,94,2,1,Salaried,5,242675,48,0
Chennai NBFC,Unsecured,54,38477,791,72576,-1,99,1,1,Business,12,241157,36,0
Delhi NBFC,MSME,22,63799,752,60576,1,76,1,1,Business,7,190728,12,0
Delhi NBFC,MSME,36,62011,-1,103520,1,47,0,2,Self_Employed,13,915329,36,0
Mumbai NBFC,LAP,34,35692,838,104227,-1,63,0,2,Self_Employed,13,1502486,36,0
Mumbai NBFC,SME,38,63926,629,152301,1,50,0,1,Business,17,1206648,60,0
Delhi NBFC,MSME,45,69264,560,175092,1,76,2,1,Business,4,160399,48,0
Delhi NBFC,Unsecured,29,67317,803,39182,-1,39,0,0,Business,18,370168,12,1
Mumbai NBFC,MSME,48,108984,-1,181964,1,43,0,2,Self_Employed,10,599727,36,0
Delhi NBFC,LAP,44,109633,725,232044,-1,96,1,1,Business,3,4583155,36,0
Mumbai NBFC,MSME,29,84593,675,217833,0,55,0,0,Business,12,768130,12,1
Delhi NBFC,Unsecured,29,65096,596,40566,-1,8,3,2,Salaried,1,286529,36,0
Mumbai NBFC,Unsecured,47,135950,-1,357697,-1,84,2,2,Business,11,218382,36,0
Mumbai NBFC,MSME,34,40209,-1,75231,0,81,0,3,Self_Employed,18,487185,36,1
Delhi NBFC,Unsecured,49,107643,-1,106920,-1,88,0,2,Salaried,13,373406,24,0
Delhi NBFC,SME,46,93546,672,120967,1,55,0,3,Self_Employed,17,972354,24,0
Delhi NBFC,SME,37,96091,-1,115772,1,9,1,0,Salaried,8,1718349,48,0
Delhi NBFC,Unsecured,23,90603,-1,165545,-1,59,0,2,Self_Employed,19,194475,60,0
Chennai NBFC,MFI_JLG,39,12311,599,7746,-1,105,1,2,Self_Employed,17,56454,12,1
Delhi NBFC,SME,38,76658,-1,68711,1,24,1,0,Salaried,2,932654,60,0
Chennai NBFC,MFI_JLG,51,54333,817,137556,-1,28,0,0,Self_Employed,3,41977,60,0
Delhi NBFC,SME,34,36549,572,30390,1,40,0,3,Business,3,711213,24,1
Mumbai NBFC,MSME,53,111382,603,120681,1,38,2,0,Salaried,6,632724,48,1
Chennai NBFC,MFI_JLG,50,59756,803,97607,-1,113,0,2,Self_Employed,10,24891,60,0
Mumbai NBFC,MSME,51,138780,784,248805,0,116,2,0,Salaried,18,453198,60,0
Mumbai NBFC,MSME,39,147157,608,354505,1,58,0,0,Self_Employed,18,513067,36,0
Mumbai NBFC,MSME,34,75696,-1,122501,1,38,1,1,Self_Employed,14,926164,12,0
Delhi NBFC,SME,42,45045,-1,111471,1,87,3,0,Business,16,1819409,48,1
Chennai NBFC,Unsecured,51,30981,765,63382,-1,21,2,1,Self_Employed,7,234311,12,0
Chennai NBFC,MFI_JLG,42,34143,732,26725,-1,9,0,1,Self_Employed,1,85452,24,0
Chennai NBFC,Unsecured,38,22067,606,19657,-1,93,0,0,Self_Employed,17,304055,60,1
Delhi NBFC,Unsecured,40,85139,694,135591,-1,22,2,0,Salaried,5,179282,60,0
Chennai NBFC,MFI_JLG,36,51508,639,76861,-1,59,0,1,Self_Employed,1,71516,12,0
Chennai NBFC,MFI_JLG,30,56421,-1,133089,-1,57,0,0,Self_Employed,17,54250,24,0
Delhi NBFC,Unsecured,31,97603,806,190505,-1,54,3,2,Self_Employed,10,192121,36,0
Delhi NBFC,Unsecured,52,67919,570,99863,-1,76,0,1,Salaried,12,384465,36,0
Chennai NBFC,MFI_JLG,44,41836,570,38777,-1,95,0,0,Self_Employed,2,32151,60,0
Mumbai NBFC,MSME,51,52653,601,56185,1,83,0,1,Salaried,16,961656,60,1
Chennai NBFC,MFI_JLG,54,47477,-1,92046,-1,49,1,0,Self_Employed,15,54297,48,0
Delhi NBFC,SME,30,113150,616,176355,0,17,1,0,Self_Employed,13,1103153,12,0
Chennai NBFC,Unsecured,22,49343,662,88191,-1,20,0,0,Salaried,18,140638,60,0
Delhi NBFC,SME,56,77428,-1,71752,1,90,0,2,Business,14,275427,24,0
Delhi NBFC,MSME,32,72894,709,157251,1,88,0,2,Salaried,18,517065,12,0
Delhi NBFC,LAP,55,106149,815,279314,-1,17,1,2,Salaried,2,4096198,48,0
Chennai NBFC,Unsecured,37,20464,781,23428,-1,24,0,0,Self_Employed,2,271481,36,0
Mumbai NBFC,SME,30,146361,617,253026,1,70,3,0,Salaried,3,1329376,48,0
Mumbai NBFC,Unsecured,53,57195,-1,168085,-1,103,0,1,Business,5,291285,12,0
Mumbai NBFC,Unsecured,36,40606,665,54132,-1,51,5,1,Salaried,16,251207,36,1
Chennai NBFC,Unsecured,33,20750,600,41243,-1,23,0,3,Salaried,15,486152,24,1
Mumbai NBFC,Unsecured,54,51555,730,37402,-1,49,2,0,Business,12,155035,36,0
Chennai NBFC,MFI_JLG,35,36572,-1,73693,-1,41,0,0,Self_Employed,9,87482,36,0
Mumbai NBFC,Unsecured,29,53690,628,38875,-1,58,0,1,Salaried,14,340131,24,0
Mumbai NBFC,SME,29,93502,822,270977,0,10,3,2,Salaried,16,967877,60,0
Mumbai NBFC,MSME,48,83849,-1,191943,1,18,2,2,Self_Employed,11,407034,60,0
Delhi NBFC,SME,33,98805,623,244087,1,8,0,1,Business,6,330864,36,0
Chennai NBFC,Unsecured,22,10726,-1,24243,-1,90,1,3,Business,10,231613,36,0
Mumbai NBFC,SME,32,138844,733,274122,0,119,1,1,Salaried,8,1711061,48,0
Delhi NBFC,LAP,52,115349,-1,187416,-1,59,2,2,Business,16,4605821,60,0
Chennai NBFC,MFI_JLG,38,54678,823,144674,-1,107,0,3,Self_Employed,3,39846,24,0
Mumbai NBFC,LAP,54,98851,678,285885,-1,104,0,2,Salaried,2,3161440,36,1
Mumbai NBFC,SME,53,133234,840,232838,1,38,0,0,Business,16,988512,36,0
Chennai NBFC,Unsecured,50,59434,735,168129,-1,31,0,0,Salaried,19,413367,48,0
Mumbai NBFC,LAP,42,131633,608,257781,-1,11,3,1,Salaried,9,4578832,48,1
Delhi NBFC,MSME,42,70178,550,129545,1,7,0,1,Salaried,16,587019,48,0
Chennai NBFC,MFI_JLG,44,20776,-1,33993,-1,51,0,2,Self_Employed,4,67937,12,0
Mumbai NBFC,MSME,27,76850,-1,78634,1,101,1,0,Self_Employed,10,493769,24,0
Delhi NBFC,MSME,43,95726,842,48753,0,6,1,0,Self_Employed,19,769220,12,1
Delhi NBFC,Unsecured,29,95111,-1,104980,-1,110,0,2,Salaried,13,423905,36,0
Chennai NBFC,Unsecured,56,25958,638,46057,-1,84,0,0,Self_Employed,18,279905,48,0
Mumbai NBFC,MSME,32,64793,649,93943,1,29,4,0,Business,15,437060,48,1
Mumbai NBFC,Unsecured,45,74516,738,120806,-1,64,0,1,Business,4,108308,48,0
Chennai NBFC,MFI_JLG,42,27331,790,80670,-1,83,1,1,Self_Employed,9,90485,60,0
Chennai NBFC,MFI_JLG,23,47528,819,65383,-1,28,1,0,Self_Employed,4,19825,24,0
Delhi NBFC,SME,40,82786,768,134979,0,19,0,2,Self_Employed,16,998892,12,0
Delhi NBFC,SME,49,74294,725,61945,1,99,3,1,Salaried,15,459970,24,0
Delhi NBFC,LAP,38,103015,782,63858,-1,18,1,2,Salaried,2,2030520,48,1
Chennai NBFC,MFI_JLG,27,35212,-1,85865,-1,58,0,1,Self_Employed,14,93114,36,0
Delhi NBFC,SME,40,37665,826,72569,0,82,1,0,Self_Employed,3,1362422,60,0
Mumbai NBFC,Unsecured,49,90798,778,218075,-1,10,1,0,Salaried,4,109596,24,0
Chennai NBFC,Unsecured,23,23393,720,20460,-1,82,1,0,Self_Employed,1,444929,36,1
Chennai NBFC,MFI_JLG,25,13670,-1,26377,-1,85,3,1,Self_Employed,9,51411,48,1
Delhi NBFC,MSME,43,61110,-1,69305,1,22,0,0,Business,17,897872,48,0
Chennai NBFC,MFI_JLG,47,12251,831,13110,-1,24,0,1,Self_Employed,14,18316,48,1
Delhi NBFC,SME,57,88580,590,46842,1,119,0,1,Business,17,556512,48,0
Chennai NBFC,Unsecured,34,43572,671,35984,-1,66,0,0,Business,1,110843,60,1
Delhi NBFC,Unsecured,53,89016,776,113332,-1,85,0,0,Salaried,10,466219,60,0
Mumbai NBFC,MSME,38,110163,843,87270,0,84,3,2,Self_Employed,16,577781,24,0
Chennai NBFC,Unsecured,57,31015,637,91948,-1,44,1,3,Salaried,19,406908,48,0
Delhi NBFC,MSME,40,83232,816,105836,1,43,1,0,Business,3,507558,60,0
Delhi NBFC,SME,56,118450,-1,97817,1,56,1,0,Self_Employed,12,1378869,36,0
Chennai NBFC,MFI_JLG,49,22224,796,22173,-1,36,2,3,Self_Employed,3,42481,60,1
Chennai NBFC,MFI_JLG,22,48784,793,96068,-1,112,0,0,Self_Employed,15,38401,60,0
Mumbai NBFC,SME,39,142449,610,94031,1,77,3,3,Salaried,17,949440,24,1
Mumbai NBFC,SME,54,137828,696,366082,0,31,0,0,Business,18,626185,60,0
Mumbai NBFC,Unsecured,33,107095,723,310977,-1,114,3,2,Self_Employed,7,377717,36,1
Delhi NBFC,Unsecured,29,54709,827,61102,-1,56,1,0,Business,19,289200,48,0
Delhi NBFC,Unsecured,45,110643,691,179821,-1,101,0,3,Salaried,7,209941,12,0
Delhi NBFC,Unsecured,37,25363,593,14084,-1,67,1,0,Salaried,5,283151,24,1
Chennai NBFC,Unsecured,25,14141,-1,29721,-1,78,0,1,Business,8,81076,36,0
Mumbai NBFC,Unsecured,48,70892,-1,108806,-1,67,0,0,Salaried,16,278907,24,0
Mumbai NBFC,SME,30,141975,710,166841,0,21,1,0,Business,16,281234,48,0
Mumbai NBFC,Unsecured,37,112242,834,114160,-1,117,0,2,Salaried,19,337238,60,0
Chennai NBFC,MFI_JLG,33,15077,747,32190,-1,53,0,1,Self_Employed,15,92189,60,0
Delhi NBFC,LAP,52,116074,708,178816,-1,104,4,2,Self_Employed,7,924363,36,1
Mumbai NBFC,Unsecured,45,35924,629,34097,-1,85,1,1,Business,5,120656,48,1
Mumbai NBFC,LAP,35,86322,-1,191874,-1,86,3,2,Business,11,2078894,12,1
Mumbai NBFC,MSME,46,61478,-1,117587,1,27,1,1,Salaried,10,923426,12,0
Delhi NBFC,MSME,55,45224,-1,119693,1,102,0,3,Salaried,9,847235,60,0
Chennai NBFC,MFI_JLG,24,30002,754,23812,-1,76,0,3,Self_Employed,1,92962,48,0
Chennai NBFC,Unsecured,45,49451,-1,121855,-1,17,1,0,Self_Employed,1,442838,48,1
Mumbai NBFC,LAP,30,135699,687,296338,-1,27,4,2,Self_Employed,8,1876335,36,1
Mumbai NBFC,Unsecured,47,125140,623,98551,-1,61,0,2,Salaried,3,151173,12,0
Chennai NBFC,MFI_JLG,41,38647,590,86455,-1,66,3,0,Self_Employed,2,32987,36,1
Chennai NBFC,Unsecured,31,44831,-1,71903,-1,58,3,1,Self_Employed,4,151980,24,0
Delhi NBFC,Unsecured,40,27244,736,77984,-1,24,1,0,Business,19,438796,48,0
Mumbai NBFC,Unsecured,24,40515,601,34600,-1,90,3,2,Self_Employed,11,88458,12,0
Mumbai NBFC,Unsecured,45,71133,636,149883,-1,115,0,0,Salaried,5,154122,36,0
Mumbai NBFC,MSME,26,117508,658,170968,1,56,4,0,Business,10,707092,60,1
Chennai NBFC,Unsecured,24,11294,-1,32662,-1,27,1,1,Self_Employed,8,446356,24,0
Chennai NBFC,Unsecured,48,25096,797,33250,-1,109,0,1,Business,13,161201,36,0
Chennai NBFC,MFI_JLG,37,46833,618,136071,-1,39,3,2,Self_Employed,5,47867,60,1
Mumbai NBFC,MSME,36,44095,669,121425,0,71,0,3,Self_Employed,12,540110,12,0
Delhi NBFC,LAP,56,89952,616,105779,-1,38,0,1,Self_Employed,13,4069153,12,1
Chennai NBFC,Unsecured,33,34398,610,86299,-1,37,1,0,Salaried,8,399152,24,1
Chennai NBFC,Unsecured,47,27706,-1,82813,-1,50,0,1,Salaried,15,202935,60,0
Delhi NBFC,LAP,55,64752,738,73277,-1,85,0,1,Salaried,13,1436834,48,0
Chennai NBFC,MFI_JLG,44,28825,700,45887,-1,49,2,1,Self_Employed,1,34082,12,1
Chennai NBFC,MFI_JLG,52,27482,835,49480,-1,23,0,0,Self_Employed,6,50131,48,0
Mumbai NBFC,Unsecured,41,77674,645,96108,-1,98,0,1,Salaried,11,174403,48,0
Mumbai NBFC,MSME,33,129658,812,69777,1,91,0,0,Salaried,13,312056,36,0
Mumbai NBFC,SME,44,117476,646,123387,1,19,0,2,Salaried,1,540300,36,1
Delhi NBFC,SME,25,92081,-1,110943,1,82,1,1,Salaried,11,629960,12,0
Delhi NBFC,MSME,44,54140,674,87111,1,70,2,2,Salaried,11,853340,48,0
Chennai NBFC,MFI_JLG,22,58070,681,53874,-1,43,4,1,Self_Employed,8,36865,36,1
Delhi NBFC,SME,46,95663,670,256676,1,117,1,0,Self_Employed,3,1135495,60,0
Delhi NBFC,LAP,23,48331,746,109338,-1,22,0,2,Salaried,19,725612,60,0
Mumbai NBFC,SME,51,87719,843,62543,1,74,3,1,Self_Employed,12,887887,60,0
Mumbai NBFC,MSME,24,88051,671,187128,1,63,2,0,Business,6,499256,60,0
Chennai NBFC,MFI_JLG,42,44864,831,95746,-1,36,1,1,Self_Employed,8,30572,48,0
Delhi NBFC,LAP,46,83095,809,240190,-1,25,1,1,Self_Employed,5,2578237,60,1
Delhi NBFC,SME,41,38749,588,19667,0,44,3,2,Business,10,430066,48,1
Chennai NBFC,Unsecured,43,26559,603,29741,-1,96,1,1,Business,16,183993,12,0
Mumbai NBFC,SME,42,41470,710,116923,1,31,0,1,Salaried,12,694957,12,0
Delhi NBFC,MSME,54,34045,-1,96358,1,6,1,0,Self_Employed,17,257182,60,0
Mumbai NBFC,LAP,36,76798,749,176747,-1,101,0,1,Salaried,6,892278,60,0
Delhi NBFC,SME,36,43667,825,105429,1,84,0,3,Self_Employed,9,1958669,60,0
Delhi NBFC,MSME,46,100057,-1,72912,0,43,0,2,Business,10,446689,12,0
Mumbai NBFC,MSME,42,135117,-1,241141,0,90,0,0,Self_Employed,14,472767,36,0
Mumbai NBFC,Unsecured,45,79439,797,85711,-1,60,0,0,Business,14,455310,12,0
Chennai NBFC,MFI_JLG,26,20737,767,19763,-1,111,0,0,Self_Employed,17,31788,60,0
Mumbai NBFC,SME,27,126563,636,319667,1,115,1,1,Business,16,311151,36,0
Mumbai NBFC,Unsecured,44,131256,-1,109939,-1,17,2,2,Self_Employed,4,196504,36,0
Mumbai NBFC,MSME,25,70081,611,117149,1,60,5,1,Salaried,2,426722,24,1
Delhi NBFC,MSME,48,56624,836,161177,0,70,0,1,Self_Employed,16,994929,48,0
Mumbai NBFC,Unsecured,39,85383,591,82358,-1,82,1,2,Salaried,1,308312,60,1
Delhi NBFC,Unsecured,42,71501,561,210569,-1,60,3,1,Salaried,3,262194,48,1
Chennai NBFC,Unsecured,49,50733,783,151474,-1,106,0,0,Business,11,317456,24,0
Delhi NBFC,LAP,56,26269,680,49623,-1,109,1,1,Salaried,16,4305811,48,0
Mumbai NBFC,MSME,43,71824,664,66462,1,32,2,3,Business,18,692106,60,0
Delhi NBFC,Unsecured,44,55251,767,71288,-1,68,0,2,Salaried,15,498521,24,0
Chennai NBFC,MFI_JLG,24,11849,686,18499,-1,75,2,1,Self_Employed,9,73372,48,0
Mumbai NBFC,LAP,31,132624,-1,168871,-1,86,2,1,Business,12,1572231,12,0
Mumbai NBFC,MSME,46,128648,-1,154582,1,68,0,3,Salaried,18,553685,36,0
Delhi NBFC,LAP,29,40734,565,119374,-1,60,0,1,Self_Employed,5,3149511,24,0
Chennai NBFC,Unsecured,32,30786,791,27196,-1,45,0,0,Self_Employed,8,362100,12,0
Delhi NBFC,SME,26,66337,-1,154785,1,104,0,3,Self_Employed,3,681465,60,0
Chennai NBFC,Unsecured,50,30183,-1,15122,-1,45,0,2,Business,2,326207,36,0
Delhi NBFC,SME,26,108600,-1,216163,1,104,0,0,Self_Employed,19,1937568,24,1
Delhi NBFC,MSME,30,87514,748,244151,0,112,0,1,Salaried,8,787843,36,0
Delhi NBFC,SME,23,33433,661,40782,0,8,3,1,Business,2,1456870,24,1
Mumbai NBFC,SME,22,49506,676,47714,1,61,0,0,Salaried,19,268590,24,1
Mumbai NBFC,SME,51,129341,570,275392,1,34,0,3,Self_Employed,1,1519697,48,0
Delhi NBFC,SME,32,105583,696,240887,0,92,0,1,Business,13,1077000,36,0
Chennai NBFC,Unsecured,49,53299,638,118327,-1,88,0,2,Self_Employed,17,166351,36,0
Mumbai NBFC,MSME,33,61026,-1,79229,1,50,0,0,Business,3,639491,12,0
Mumbai NBFC,Unsecured,47,62672,634,70851,-1,60,0,1,Self_Employed,9,306927,60,0
Mumbai NBFC,LAP,34,73417,716,212160,-1,35,0,0,Business,5,1109251,12,0
Mumbai NBFC,MSME,29,87413,621,245477,1,92,2,2,Business,6,464913,48,0
Mumbai NBFC,LAP,49,100066,-1,164437,-1,11,5,1,Salaried,4,4007091,24,1
Delhi NBFC,MSME,51,59775,558,156340,1,94,0,1,Salaried,17,709510,48,0
Delhi NBFC,Unsecured,30,83144,830,135591,-1,81,0,0,Self_Employed,16,459033,48,0
Chennai NBFC,MFI_JLG,52,34363,807,53639,-1,58,1,0,Self_Employed,16,67999,12,0
Chennai NBFC,Unsecured,42,56694,-1,50565,-1,12,1,0,Salaried,11,396592,24,1
Mumbai NBFC,Unsecured,55,63091,787,98801,-1,59,0,0,Salaried,2,139897,60,0
Delhi NBFC,Unsecured,52,27779,-1,51211,-1,73,3,1,Salaried,17,77728,48,1
Mumbai NBFC,Unsecured,46,138864,782,77244,-1,48,1,1,Business,15,174826,60,0
Mumbai NBFC,MSME,33,148755,770,239537,1,17,0,1,Self_Employed,18,521976,24,0
Delhi NBFC,Unsecured,22,64263,566,157662,-1,97,1,1,Salaried,10,418860,24,0
Delhi NBFC,MSME,43,80087,638,176200,1,24,4,0,Salaried,6,867111,12,1
Chennai NBFC,MFI_JLG,22,39883,745,83271,-1,82,2,0,Self_Employed,16,92628,36,0
Mumbai NBFC,SME,22,81751,633,226768,0,36,0,0,Salaried,5,1218585,12,0
Delhi NBFC,LAP,42,79857,636,43528,-1,64,0,2,Salaried,12,948250,60,0
Delhi NBFC,SME,36,42400,703,80247,1,54,0,1,Business,6,203825,12,0
Delhi NBFC,MSME,38,65115,777,160728,1,31,0,0,Business,14,340275,24,0
Mumbai NBFC,Unsecured,43,115863,813,214733,-1,29,1,0,Salaried,16,389136,48,0
Delhi NBFC,SME,56,71825,772,94071,1,56,2,2,Salaried,7,1324111,36,0
Delhi NBFC,SME,37,49600,670,41695,1,72,1,1,Salaried,2,286390,24,0
Chennai NBFC,MFI_JLG,29,43005,722,116926,-1,25,5,1,Self_Employed,6,14714,48,0
Delhi NBFC,Unsecured,38,44222,553,74156,-1,22,0,1,Salaried,9,412426,60,0
Mumbai NBFC,MSME,38,97712,677,263361,1,43,3,0,Salaried,7,265720,60,0
Delhi NBFC,MSME,47,66302,659,130258,0,19,2,3,Salaried,2,964465,60,0
Delhi NBFC,Unsecured,34,119684,586,261567,-1,57,0,2,Business,19,298422,12,1
Delhi NBFC,Unsecured,38,112838,620,283297,-1,42,1,0,Self_Employed,8,147677,60,1
Chennai NBFC,MFI_JLG,38,16073,-1,34523,-1,52,0,2,Self_Employed,11,87027,60,0
Chennai NBFC,MFI_JLG,35,45310,-1,67744,-1,56,2,2,Self_Employed,4,60808,12,0
Chennai NBFC,Unsecured,27,25282,817,45105,-1,92,0,0,Business,16,90213,48,0
Mumbai NBFC,LAP,56,144999,560,363601,-1,76,0,1,Business,18,3754108,24,0
Mumbai NBFC,SME,35,67230,581,96416,0,32,1,0,Salaried,13,1991794,36,1
Delhi NBFC,Unsecured,29,103353,606,151960,-1,89,1,0,Salaried,5,329729,60,1
Delhi NBFC,MSME,36,56406,-1,41696,1,20,0,1,Self_Employed,2,258554,60,0
Chennai NBFC,MFI_JLG,48,56202,737,156604,-1,20,0,0,Self_Employed,11,97193,60,0
Delhi NBFC,MSME,34,76428,-1,55608,1,39,0,2,Salaried,1,293585,12,1
Delhi NBFC,SME,52,48777,665,103432,1,21,1,3,Self_Employed,13,328424,12,0
Delhi NBFC,SME,56,82939,733,127144,1,77,3,0,Self_Employed,5,325451,12,0
Delhi NBFC,Unsecured,27,78026,-1,118135,-1,103,3,1,Salaried,18,212008,36,1
Delhi NBFC,SME,26,111450,582,245065,1,56,0,2,Self_Employed,14,1977639,24,0
Mumbai NBFC,MSME,43,119817,559,80005,0,97,2,2,Business,13,518336,60,1
Mumbai NBFC,MSME,44,142585,629,282926,1,107,0,2,Salaried,7,893287,48,1
Chennai NBFC,MFI_JLG,46,40562,-1,98568,-1,86,1,0,Self_Employed,8,21344,60,1
Chennai NBFC,Unsecured,55,38036,739,97772,-1,16,0,1,Salaried,18,289056,60,0
Delhi NBFC,SME,47,65701,-1,60860,1,87,0,1,Salaried,7,1577461,60,1
Delhi NBFC,MSME,26,76287,674,209297,0,52,1,3,Self_Employed,17,756444,60,0
Mumbai NBFC,MSME,47,77814,608,166550,1,26,0,0,Salaried,16,198856,24,0
Mumbai NBFC,SME,41,105219,646,284579,1,53,1,2,Salaried,11,769449,48,0
Delhi NBFC,SME,27,57427,-1,98384,1,56,2,0,Salaried,19,890366,12,1
Mumbai NBFC,LAP,27,74884,698,138916,-1,83,0,3,Self_Employed,1,3320192,48,0
Mumbai NBFC,Unsecured,39,130345,827,364652,-1,5,0,1,Self_Employed,8,278016,60,0
Mumbai NBFC,SME,25,135088,-1,371461,1,70,2,1,Salaried,1,729527,48,0
Mumbai NBFC,LAP,38,104322,558,169043,-1,68,2,1,Self_Employed,9,4998584,60,0
Delhi NBFC,LAP,35,77409,832,91809,-1,12,0,0,Salaried,19,1771028,48,0
Chennai NBFC,MFI_JLG,35,40728,-1,60396,-1,90,0,0,Self_Employed,9,52011,36,1
Chennai NBFC,MFI_JLG,34,42317,-1,62181,-1,29,1,0,Self_Employed,10,28640,48,0
Delhi NBFC,MSME,28,106731,757,129909,0,70,1,0,Self_Employed,11,845371,12,0
Chennai NBFC,Unsecured,36,52012,-1,60929,-1,119,0,0,Business,1,72211,12,1
Mumbai NBFC,LAP,40,74661,-1,198050,-1,77,0,2,Business,8,4103208,48,1
Chennai NBFC,Unsecured,56,12509,582,8439,-1,77,3,1,Salaried,12,76866,48,1
Chennai NBFC,MFI_JLG,38,31400,550,68892,-1,81,1,0,Self_Employed,1,38259,24,0
Mumbai NBFC,MSME,56,115428,753,107584,1,74,5,2,Salaried,10,552655,48,1
Delhi NBFC,Unsecured,40,71330,555,97099,-1,98,2,1,Business,4,380881,12,1
Delhi NBFC,Unsecured,41,112759,846,73728,-1,83,4,3,Salaried,15,382432,36,0
Mumbai NBFC,Unsecured,57,78240,-1,91926,-1,55,0,1,Salaried,19,374690,12,0
Mumbai NBFC,Unsecured,56,80760,629,195524,-1,57,2,0,Salaried,6,157879,24,1
Delhi NBFC,MSME,53,58313,823,158176,0,19,0,1,Salaried,5,278874,48,0
Delhi NBFC,LAP,45,71900,726,75769,-1,54,1,1,Self_Employed,5,2042620,36,0
Chennai NBFC,MFI_JLG,38,48328,685,80169,-1,75,0,0,Self_Employed,18,50194,12,0
Chennai NBFC,MFI_JLG,28,46784,574,78401,-1,79,0,0,Self_Employed,3,95873,36,0
Mumbai NBFC,MSME,22,91759,-1,246275,0,108,2,0,Self_Employed,2,526904,60,0
Delhi NBFC,LAP,56,111072,-1,267350,-1,42,2,0,Business,4,567114,12,1
Delhi NBFC,SME,53,74156,727,132197,1,44,0,1,Salaried,18,1381420,60,0
Delhi NBFC,Unsecured,57,102209,644,222495,-1,70,1,1,Salaried,9,491850,36,0
Chennai NBFC,Unsecured,34,41345,582,108257,-1,119,0,0,Salaried,19,221361,48,0
Delhi NBFC,Unsecured,27,52829,660,27674,-1,116,0,1,Salaried,10,330151,48,0
Mumbai NBFC,SME,35,63379,695,95526,1,43,2,1,Salaried,15,1569013,48,0
Delhi NBFC,MSME,36,50938,780,141001,1,78,0,0,Salaried,1,260749,60,0
Mumbai NBFC,LAP,25,125810,-1,295751,-1,112,4,0,Salaried,11,4609811,48,1
Mumbai NBFC,MSME,37,118232,-1,219569,1,21,0,0,Salaried,14,907503,24,1
Chennai NBFC,Unsecured,49,24033,684,43838,-1,11,1,1,Business,10,94221,12,1
Delhi NBFC,Unsecured,37,85282,784,116787,-1,108,1,0,Salaried,19,333522,12,0
Delhi NBFC,SME,25,72801,709,131136,0,43,0,1,Self_Employed,16,1275431,36,1
Delhi NBFC,MSME,47,34465,587,73701,1,72,0,1,Self_Employed,8,981948,60,0
Chennai NBFC,MFI_JLG,49,46975,-1,72619,-1,39,2,1,Self_Employed,2,94021,12,1
Chennai NBFC,MFI_JLG,53,37608,578,85948,-1,55,2,0,Self_Employed,7,88959,60,1
Mumbai NBFC,Unsecured,23,49745,693,131977,-1,51,0,0,Salaried,19,370687,36,0
Mumbai NBFC,Unsecured,52,40730,-1,36115,-1,40,0,1,Salaried,7,262331,48,0
Mumbai NBFC,LAP,24,48921,694,79685,-1,68,0,2,Salaried,15,729652,36,0
Delhi NBFC,LAP,29,113657,778,172764,-1,99,0,2,Salaried,8,3674332,24,0
Chennai NBFC,Unsecured,45,46704,-1,103620,-1,93,0,1,Self_Employed,14,471770,48,0
Mumbai NBFC,Unsecured,36,118111,818,132835,-1,109,0,1,Self_Employed,1,61817,48,0
Mumbai NBFC,LAP,52,54023,733,113482,-1,17,2,1,Self_Employed,13,4313589,48,1
Mumbai NBFC,LAP,30,80349,810,216437,-1,22,1,2,Salaried,3,3375997,36,1
Delhi NBFC,Unsecured,23,38569,817,59601,-1,25,4,0,Salaried,6,181240,24,1
Delhi NBFC,MSME,29,62860,718,174596,0,116,1,3,Business,19,801173,60,0
Chennai NBFC,Unsecured,28,20116,-1,60004,-1,69,4,1,Salaried,15,486197,36,1
Delhi NBFC,SME,37,70337,776,53823,0,104,1,1,Self_Employed,4,996784,12,1
Mumbai NBFC,MSME,56,49997,582,54128,1,118,1,0,Business,3,397691,12,0
Delhi NBFC,MSME,51,38515,763,110767,1,12,4,1,Salaried,4,425786,36,0
Mumbai NBFC,Unsecured,31,123603,599,357931,-1,52,1,1,Salaried,5,107782,60,0
Delhi NBFC,Unsecured,39,112227,759,83526,-1,89,0,0,Self_Employed,18,130759,12,0
Mumbai NBFC,LAP,26,55923,578,30058,-1,47,1,0,Salaried,10,2866609,60,0
Chennai NBFC,MFI_JLG,50,33840,588,30549,-1,57,3,2,Self_Employed,8,94825,48,0
Delhi NBFC,LAP,55,68790,649,205684,-1,89,2,1,Salaried,12,854100,36,1
Mumbai NBFC,Unsecured,44,37887,722,35992,-1,31,1,1,Salaried,3,421089,48,0
Mumbai NBFC,MSME,26,98723,566,173394,1,23,1,0,Self_Employed,18,160563,12,0
Mumbai NBFC,MSME,51,77422,605,202926,1,27,5,1,Business,8,281122,60,1
Chennai NBFC,Unsecured,27,35628,775,19631,-1,119,0,1,Salaried,1,137057,48,0
Chennai NBFC,MFI_JLG,25,41362,595,83188,-1,54,1,1,Self_Employed,14,16654,12,0
Delhi NBFC,LAP,50,46672,616,55659,-1,55,0,1,Business,13,4079253,24,1
Delhi NBFC,MSME,44,30812,746,81831,1,47,1,1,Business,12,882428,48,0
Delhi NBFC,SME,27,25654,691,31006,0,103,1,1,Business,3,493603,24,1
Mumbai NBFC,Unsecured,53,106576,572,236267,-1,108,0,0,Salaried,18,482566,24,0
Delhi NBFC,SME,39,42143,643,92105,0,55,0,3,Salaried,13,1068763,12,0
Mumbai NBFC,LAP,36,65341,-1,68852,-1,110,1,1,Self_Employed,15,1159012,36,0
Mumbai NBFC,Unsecured,53,39758,786,23337,-1,116,0,0,Self_Employed,10,58577,60,0
Delhi NBFC,MSME,30,54087,-1,82381,1,73,0,1,Business,1,701076,12,1
Chennai NBFC,Unsecured,31,54722,-1,66924,-1,45,2,2,Business,6,79948,48,1
Delhi NBFC,LAP,41,33446,-1,84365,-1,76,0,0,Self_Employed,9,4962755,60,1
Delhi NBFC,Unsecured,27,112182,590,280557,-1,15,0,0,Salaried,10,127700,36,0
Chennai NBFC,MFI_JLG,24,15419,647,25326,-1,84,4,1,Self_Employed,15,78676,12,0
Mumbai NBFC,Unsecured,32,36375,732,73342,-1,107,0,0,Salaried,9,372322,36,0
Mumbai NBFC,SME,38,134485,677,270402,0,115,0,2,Self_Employed,14,412678,48,0
Mumbai NBFC,MSME,53,57092,778,146606,1,92,1,0,Self_Employed,11,366714,12,0
Delhi NBFC,LAP,25,113074,635,176678,-1,89,2,2,Business,7,2783630,48,0
Chennai NBFC,Unsecured,25,11468,805,13631,-1,56,3,0,Self_Employed,2,230112,60,0
Chennai NBFC,Unsecured,38,34309,758,39887,-1,27,3,0,Business,14,159657,60,1
Mumbai NBFC,Unsecured,40,120216,-1,221255,-1,53,2,2,Self_Employed,6,259002,36,0
Delhi NBFC,LAP,26,113559,-1,184291,-1,42,0,1,Business,5,1014507,36,0
Mumbai NBFC,MSME,53,131870,598,211031,1,51,0,1,Salaried,5,911062,60,0
Mumbai NBFC,SME,43,56398,750,41048,1,76,0,0,Business,19,1555759,24,0
Delhi NBFC,Unsecured,27,45698,-1,104945,-1,11,0,1,Self_Employed,19,239319,60,0
Chennai NBFC,Unsecured,56,38801,-1,40133,-1,70,1,1,Salaried,6,240047,12,1
Delhi NBFC,MSME,43,117071,794,116179,0,98,1,3,Salaried,10,638147,48,1
Chennai NBFC,MFI_JLG,22,47841,672,73287,-1,81,0,3,Self_Employed,14,21055,60,0
Mumbai NBFC,Unsecured,41,38159,720,40808,-1,66,2,1,Salaried,17,403426,60,0
